,species,ln_r_mu,ln_r_sd,r_mean,r_var,dispersion,r_orig,r,r_lower_bound,r_upper_bound,r_bound_note,source,link,congener_sp,alt_species
1,Beryx splendens,-1.421779627,0.07323575877,0.2419321683,0.0003147739553,0.001301083512,0.2419296586,,,,,,,,
2,Thunnus alalunga,-1.973015814,0.06991381593,0.1393771315,9.52E-05,0.0006829350007,0.1393759205,,,,,,,,
3,Hippoglossoides platessoides,-1.936519206,0.1048820278,0.1450003553,0.0002325579257,0.001603843834,0.144996127,,,,,,,,
4,Engraulis encrasicolus,-0.5870784345,0.0450896914,0.5565145882,0.0006303027252,0.001132589762,0.5565121642,,,,,,,,
5,Lophius budegassa,-0.9128509932,0.07778527282,0.4025943825,0.0009836593003,0.002443301107,0.4025919132,,,,,,,,
6,Theragra chalcogramma,-1.318857577,0.07342126128,0.268162474,0.0003886966399,0.001449481854,0.2681594229,,,,,,,,
7,Atheresthes stomias,-1.656952509,0.1485942949,0.1928365429,0.000830207086,0.004305237346,0.1928086609,,,,,,,,
8,Engraulis anchoita,-0.4533347682,0.1102871243,0.6393820325,0.005002814211,0.007824452294,0.6393740495,,,,,,,,
9,Merluccius hubbsi,-1.490048096,0.1214144796,0.2270290358,0.0007654358134,0.003371532679,0.2270182125,,,,,,,,
10,Thunnus thynnus,-2.50799878,0.09037774651,0.08176428773,5.48E-05,0.0006705969445,0.08176317017,,,,,,,,
11,Hippoglossus hippoglossus,-2.139795762,0.1181141023,0.1185026103,0.0001972841845,0.001664808767,0.1184980221,,,,,,,,
12,Pleurogrammus monopterygius,-2.582382335,0.162712632,0.07660103928,0.0001574249661,0.002055128331,0.07659571437,,,,,,,,
13,Micropogonias undulatus,-0.1406949667,0.1074382829,0.8737827759,0.008864087097,0.0101444974,0.8737552763,,,,,,,,
14,Dissostichus mawsoni,-2.278099186,0.1896129881,0.1043376877,0.0003985190477,0.003819511978,0.1043144503,,,,,,,,
15,Arripis trutta,-1.260402484,0.126877254,0.2858312819,0.001325828487,0.004638500299,0.2858126665,,,,,,,,
16,Callinectes sapidus,NA,NA,NA,NA,NA,0.2760110469,0.6,0.39,0.9,95% CL,SeaLifeBase,https://www.sealifebase.ca/summary/Callinectes-sapidus.html,,
17,Pseudotolithus elongatus,-1.346226748,0.1404755338,0.2628005079,0.001376403844,0.005237447429,0.2627777448,,,,,,,,
18,Macruronus novaezelandiae,-2.321974202,0.1148610508,0.09872888988,0.0001294500028,0.001311166396,0.09872729955,,,,,,,,
19,Sebastes melanostomus,-2.869515416,0.1599973333,0.05745714907,8.56E-05,0.001489841969,0.05745041455,,,,,,,,
20,Brachydeuterus auritus,-0.400416796,0.1111179036,0.6741900721,0.00564698587,0.008375955244,0.6741648172,,,,,,,,
21,Merluccius polli,-1.493009635,0.2888798153,0.2342693256,0.004776530297,0.02038905557,0.2339251114,,,,,,,,
22,Thunnus obesus,-1.446470782,0.08959264251,0.2363462564,0.0004501801279,0.00190474829,0.2363424823,,,,,,,,
23,Epigonus telescopus,-2.349609927,0.1975337069,0.09728600393,0.0003766029337,0.003871090583,0.09726382433,,,,,,,,
24,Paralithodes platypus,NA,NA,NA,NA,NA,0.8735506743,,,,,,,,
25,Allocyttus niger,-2.77203108,0.2620277957,0.06471891327,0.0002976812471,0.004599602065,0.06467747811,,,,,,,,
26,Sebastes melanops,-2.493588548,0.2410576355,0.08504845244,0.0004327667423,0.005088472863,0.08498652838,,,,,,,,
27,Pomatomus saltatrix,-0.650696364,0.1075650117,0.5247091089,0.003204011979,0.006106263308,0.5246935542,,,,,,,,
28,Sebastes mystinus,-2.282142823,0.180419999,0.1037400389,0.0003560818033,0.003432443317,0.1037173342,,,,,,,,
29,Scomber australasicus,-0.5704563753,0.147484679,0.5714487306,0.007180922657,0.01256617133,0.5713880509,,,,,,,,
30,Makaira nigricans,-1.326851848,0.1381287506,0.2678543083,0.001382022453,0.00515960509,0.2678328184,,,,,,,,
31,Sebastes rufus,-2.628681053,0.5902061908,0.08590533208,0.003075269071,0.03579834914,0.08517461966,,,,,,,,
32,Hyperoglyphe antarctica,-1.724147468,0.1557227509,0.1805003287,0.0007997173116,0.004430558755,0.1804812928,,,,,,,,
33,Sebastes paucispinis,-2.270374955,0.231307557,0.1060734646,0.0006183908006,0.005829835037,0.1060111142,,,,,,,,
34,Ethmalosa fimbriata,-0.375698187,0.1080476573,0.6908303225,0.005604166128,0.008112217928,0.6907992628,,,,,,,,
35,Centropristis striata,-0.9535202433,0.1639354959,0.3905954849,0.004155748945,0.01063952121,0.3905635113,,,,,,,,
36,Carcharhinus limbatus,-2.335621904,0.1930107775,0.09856930997,0.000368774673,0.003741272746,0.09853894368,,,,,,,,
37,Peprilus triacanthus,-0.3890697718,0.2564188334,0.7003364177,0.03333258944,0.04759511087,0.6997280971,,,,,,,,
38,Micromesistius poutassou,-1.331533982,0.08180303809,0.2649568984,0.0004713496961,0.001778967444,0.264953854,,,,,,,,
39,Scorpaenichthys marmoratus,-1.166708685,0.2609662629,0.3221760997,0.007315226218,0.02270567626,0.321908256,,,,,,,,
40,Mallotus villosus,-2.007331112,0.2351603233,0.138113299,0.00108458291,0.007852849204,0.138047831,,,,,,,,
41,Merluccius capensis,-1.984149724,0.08374359906,0.1379804558,0.0001339868372,0.0009710566353,0.1379772857,,,,,,,,
42,Sebastes goodei,-2.400429844,0.2272437309,0.09305077313,0.0004588655659,0.004931346086,0.09298654277,,,,,,,,
43,Trachurus trecae,-0.7595462289,0.214150827,0.4787312324,0.01075522724,0.02246610731,0.4785932072,,,,,,,,
44,Trachurus murphyi,-1.403682105,0.09374510765,0.2467725956,0.0005375276408,0.002178230688,0.2467726866,,,,,,,,
45,Scomber japonicus,-0.9238830654,0.06168022027,0.3977304197,0.0006029701828,0.001516027321,0.3977271946,,,,,,,,
46,Gadus morhua,-0.9979088836,0.02983940904,0.3688136823,0.0001211679734,0.0003285343771,0.3688134282,,,,,,,,
47,Pagellus erythrinus,-0.7625207866,0.05931700297,0.4673104191,0.0007697214441,0.001647130928,0.4673070737,,,,,,,,
48,Jasus lalandii,NA,NA,NA,NA,NA,0.08971571552,0.425,0.28,0.64,average of 95% CL,SeaLifeBase,,,
49,Sebastes pinniger,-3.271918834,0.2253476663,0.03890906396,7.89E-05,0.002026892213,0.03888939266,,,,,,,,
50,Trachurus capensis,-1.271537803,0.1025666999,0.28187887,0.0008402803037,0.002980997844,0.2818751907,,,,,,,,
51,Brosme brosme,-2.261900084,0.1436236811,0.1052321725,0.0002308001789,0.002193247307,0.1052238731,,,,,,,,
52,Sebastes crameri,-2.984286927,0.3023671212,0.05294116963,0.0002683244919,0.005068352168,0.0528715338,,,,,,,,
53,Ostrea chilensis,NA,NA,NA,NA,NA,0.0877339347,,,,,,,,
54,Parapenaeus longirostris,NA,NA,NA,NA,NA,0.6149215344,1.03,0.68,1.54,95% CL,SeaLifeBase,https://www.sealifebase.ca/summary/Parapenaeus-longirostris.html,,
55,Microstomus pacificus,-2.428435993,0.1746030834,0.08952898292,0.0002481235236,0.002771432395,0.08950387728,,,,,,,,
56,Sebastes variabilis,-2.497485667,0.164652928,0.08341472937,0.0001912162053,0.002292355399,0.08341356542,,,,,,,,
57,Hippoglossoides elassodon,-1.729439329,0.1636402592,0.1797748109,0.0008771336499,0.004879068685,0.1797566329,,,,,,,,
58,Lepidorhombus boscii,-0.6690159595,0.03743381337,0.5125713724,0.0003684182686,0.0007187648167,0.5125708668,,,,,,,,
59,Caranx rhonchus,-0.4537188809,0.156815349,0.6431203813,0.01029704253,0.01601106546,0.6430720557,,,,,,,,
60,Mycteroperca microlepis,-1.742074386,0.1368299992,0.1768040606,0.0005907707573,0.003341386818,0.1767951381,,,,,,,,
61,Rexea solandri,-1.454309622,0.1074224542,0.2349130506,0.0006404904052,0.002726499884,0.2349082857,,,,,,,,
62,Phycis blennoides,-0.930088434,0.1202113416,0.3973796927,0.002298497049,0.005784133138,0.39737657,,,,,,,,
63,Reinhardtius hippoglossoides,-1.767668675,0.1003079452,0.1715916363,0.000297748511,0.001735215757,0.1715885586,,,,,,,,
64,Sebastes carnatus,-2.628681053,0.5902061908,0.08590533208,0.003075269071,0.03579834914,0.08517461966,,,,,,,,
65,Seriola dumerili,-0.8027849416,0.1132256207,0.450960773,0.002623939175,0.005818553036,0.4509553402,,,,,,,,
66,Sebastes elongatus,-2.412014064,0.2325867153,0.09209213147,0.0004714273104,0.005119083496,0.09206972072,,,,,,,,
67,Aristaeomorpha foliacea,NA,NA,NA,NA,NA,0.3384717252,0.47,0.3,0.73,95% CL,SeaLifeBase,https://www.sealifebase.ca/summary/Aristaeomorpha-foliacea.html,,
68,Sebastes chlorostictus,-2.628681053,0.5902061908,0.08590533208,0.003075269071,0.03579834914,0.08517461966,,,,,,,,
69,Kathetostoma giganteum,-1.262275478,0.1515156371,0.2862765481,0.001903185147,0.006648065163,0.2862420946,,,,,,,,
70,Penaeus semisulcatus,NA,NA,NA,NA,NA,0.7639885775,1.18,0.78,1.77,95% CL,SeaLifeBase,https://www.sealifebase.ca/summary/Penaeus-semisulcatus.html,,
71,Melanogrammus aeglefinus,-1.199627983,0.05058101238,0.3016919655,0.0002331622299,0.0007728486556,0.3016916663,,,,,,,,
72,Merluccius merluccius,-1.170772794,0.03030156467,0.3102695939,8.84E-05,0.0002850156601,0.3102692938,,,,,,,,
73,Clupea harengus,-1.530883908,0.03421224431,0.2164710045,5.49E-05,0.0002535228173,0.2164706262,,,,,,,,
74,Clupea pallasii,NA,NA,NA,NA,NA,0.2164706262,0.56,0.37,0.84,95% CL,FB,https://www.fishbase.se/summary/Clupea-pallasii+pallasii.html,,
75,Trachurus trachurus,-0.8871605826,0.05492083782,0.4124449926,0.0005138797731,0.001245935294,0.4124443391,,,,,,,,
76,Illex illecebrosus,NA,NA,NA,NA,NA,0.9632301093,0.76,0.5,1.135,average of 95% CL,SLB,,,
77,Engraulis japonicus,-0.2313760568,0.07384917082,0.7956075783,0.003461575938,0.004350858429,0.7956004621,,,,,,,,
78,Trachurus japonicus,-0.5147472973,0.1109148766,0.601339121,0.004476026256,0.007443431002,0.6013274213,,,,,,,,
79,Hexagrammos decagrammus,-1.337024217,0.7221056803,0.3408523418,0.07951913249,0.2332949572,0.3323985508,,,,,,,,
80,Genypterus capensis,-1.710092196,0.1192997655,0.1821406699,0.0004755402021,0.002610840305,0.1821385955,,,,,,,,
81,Scomberomorus cavalla,-0.8621843589,0.05907115927,0.4229760766,0.0006253750222,0.001478511568,0.4229723921,,,,,,,,
82,Dentex macrophthalmus,-0.7863873594,0.1357968376,0.4597065312,0.003933246625,0.008555994658,0.4596827041,,,,,,,,
83,Ophiodon elongatus,-1.96846607,0.2143695397,0.1429173311,0.0009605345892,0.006720910488,0.1429013229,,,,,,,,
84,Raja rhina,-2.70856991,0.2110768771,0.06813302835,0.000211498496,0.003104199257,0.06811523326,,,,,,,,
85,Homarus americanus,NA,NA,NA,NA,NA,0.1184980221,0.57,0.37,0.85,95% CL,SLB,https://www.sealifebase.ca/summary/Homarus-americanus.html,,
86,Sebastolobus altivelis,-2.550161416,0.6188479516,0.09454541081,0.004171201005,0.04411849258,0.0935306894,,,,,,,,
87,Scomber scombrus,-1.308648805,0.08201712954,0.2710951535,0.0004960371063,0.001829752764,0.2710896241,,,,,,,,
88,Lepidorhombus whiffiagonis,-0.8146485452,0.04779506203,0.4433009646,0.0004494274043,0.001013820046,0.4432994018,,,,,,,,
89,Brevoortia patronus,-0.17152024,0.04147937996,0.8431082064,0.001224065925,0.001451849141,0.8431078846,,,,,,,,
90,Brevoortia tyrannus,-0.32329095,0.03875060959,0.7243068538,0.0007883668937,0.001088443233,0.7243062852,,,,,,,,
91,Trachurus mediterraneus,-0.9390631557,0.09980149947,0.3929460374,0.001545626714,0.0039334325,0.3929352595,,,,,,,,
92,Lophius americanus,-1.079384927,0.135063735,0.3429180367,0.002164838166,0.006312990086,0.342903855,,,,,,,,
93,Nemadactylus macropterus,-2.239807689,0.1239557604,0.1073001562,0.0001782686119,0.001661401233,0.1072967987,,,,,,,,
94,Mugil cephalus,-1.284227233,0.05329293699,0.2772578985,0.0002186371906,0.0007885697461,0.2772570347,,,,,,,,
95,Nephrops norvegicus,NA,NA,NA,NA,NA,0.9571422004,0.52,0.34,0.78,95% CL,SLB,https://www.sealifebase.ca/summary/Nephrops-norvegicus.html,,
96,Trisopterus esmarkii,-0.4930468015,0.1280117515,0.6157875279,0.006265052427,0.01017404891,0.6157412914,,,,,,,,
97,Sebastes polyspinis,-3.004561454,0.1594252403,0.05019432781,6.49E-05,0.001292110321,0.05018889859,,,,,,,,
98,Genypterus blacodes,-2.040702446,0.1201090196,0.1308780432,0.0002488978819,0.001901754303,0.1308734768,,,,,,,,
99,Octopus vulgaris,NA,NA,NA,NA,NA,0.4308683306,0.81,0.53,1.21,95% CL,SLB,sealifebase.ca/summary/Octopus-vulgaris.html,,
100,Paralichthys olivaceus,-0.1491750674,0.1684971011,0.8737338834,0.02198481907,0.02516191655,0.8735506743,,,,,,,,
101,Hoplostethus atlanticus,-1.833173002,0.1252953557,0.1611654923,0.0004109864498,0.002550089625,0.1611606133,,,,,,,,
102,Thunnus orientalis,-1.674539601,0.2157337519,0.1918063374,0.00175269987,0.009137862145,0.1916957782,,,,,,,,
103,Engraulis ringens,-0.433633625,0.04818882473,0.6489026694,0.0009789401462,0.001508608598,0.6489003664,,,,,,,,
104,Pandalus borealis,NA,NA,NA,NA,NA,0.6662122095,0.58,0.38,0.87,95% CL,SLB,https://www.sealifebase.ca/summary/Pandalus-borealis.html,,
105,Macruronus magellanicus,-2.303642271,0.2083874667,0.1020870292,0.0004625387651,0.004530827951,0.1020613632,,,,,,,,
106,Gadus macrocephalus,-1.375992632,0.1326933452,0.2548222923,0.001153458986,0.004526523077,0.2548118123,,,,,,,,
107,Sebastes alutus,-3.034548161,0.08708205745,0.04827910026,1.77E-05,0.0003675058533,0.04827862634,,,,,,,,
108,Panopea generosa,NA,NA,NA,NA,NA,0.6662122095,0.37,0.24,0.55,95% CL,SLB,https://www.sealifebase.ca/summary/Panopea-abrupta.html,Panopea abrupta,
109,Merluccius productus,-2.14282742,0.2164482881,0.1201033701,0.0006918815248,0.005760716991,0.1200503026,,,,,,,,
110,Pleuronectes platessa,-1.350059362,0.0598680193,0.2596898428,0.0002421465212,0.0009324450992,0.2596882421,,,,,,,,
111,Pollachius virens,-1.230966019,0.07214793077,0.2927713479,0.0004473379222,0.001527942968,0.2927714522,,,,,,,,
112,Lamna nasus,-3.156826024,0.2648648155,0.04407999012,0.0001412063356,0.003203411235,0.0440619811,,,,,,,,
113,Trisopterus minutus,-0.3471399449,0.08494988294,0.7092609947,0.003643390359,0.005136882454,0.7092563648,,,,,,,,
114,Eopsetta jordani,-2.207334105,0.2142721259,0.1125477353,0.0005951313171,0.00528781246,0.1124923791,,,,,,,,
115,Dissostichus eleginoides,-2.24059883,0.1351629331,0.1073710892,0.0002125509444,0.001979591955,0.1073627305,,,,,,,,
116,Pagrus major,-0.9508638651,0.1118507364,0.3888317409,0.001903358459,0.004895069663,0.3888245471,,,,,,,,
117,Pagellus bogaraveo,-1.148412291,0.07346169839,0.3179967933,0.0005471920753,0.001720747148,0.3179933643,,,,,,,,
118,Chaceon quinquedens,NA,NA,NA,NA,NA,0.8274716663,0.42,0.27,0.64,95% CL,SLB,https://www.sealifebase.ca/summary/Chaceon-maritae.html,Chaceon maritae,
119,Aristeus antennatus,NA,NA,NA,NA,NA,0.3384717252,0.48,0.32,0.72,95% CL,SLB,https://www.sealifebase.ca/summary/Aristeus-antennatus.html,,
120,Glyptocephalus zachirus,-1.694749025,0.1770366397,0.1865458848,0.0011079528,0.005939304429,0.1865120736,,,,,,,,
121,Sebastes aleutianus,-3.29374817,0.2514017417,0.03830607602,9.57E-05,0.002499198975,0.03829062493,,,,,,,,
122,Epinephelus morio,-1.540547642,0.07812275296,0.2149185715,0.0002827671324,0.001315694267,0.2149171462,,,,,,,,
123,Paralithodes camtschaticus,NA,NA,NA,NA,NA,0.8735506743,,,,,,,,
124,Mullus barbatus,NA,NA,NA,NA,NA,0.7716969786,0.68,0.42,1.04,95% CL,FB,https://www.fishbase.se/summary/Mullus-barbatus+barbatus.html,,
125,Cancer irroratus,NA,NA,NA,NA,NA,0.1144767806,0.46,0.31,0.69,95% CL,SLB,https://www.sealifebase.ca/summary/Cancer-pagurus.html,Cancer pagurus,
126,Pagellus bellottii,-0.3922108513,0.08431356852,0.6779671372,0.003279116103,0.004836688864,0.6779514089,,,,,,,,
127,Jasus edwardsii,NA,NA,NA,NA,NA,0.08971571552,0.52,0.34,0.78,95% CL,SLB,https://www.sealifebase.ca/summary/Jasus-edwardsii.html,,
128,Sardinella aurita,-0.395357867,0.05033325804,0.6742925927,0.001153339347,0.001710443447,0.6742916464,,,,,,,,
129,Lutjanus campechanus,-1.040515106,0.05809987533,0.3538694183,0.0004234183474,0.001196538399,0.3538680719,,,,,,,,
130,Lepidopsetta bilineata,-1.754182449,0.1195540249,0.1742897968,0.0004373002729,0.002509041155,0.1742846273,,,,,,,,
131,Pleuroncodes monodon,NA,NA,NA,NA,NA,0.07659571437,,,,,,,,
132,Anoplopoma fimbria,-3.347511253,0.1153092355,0.03540638376,1.68E-05,0.0004739147154,0.03540396047,,,,,,,,
133,Istiophorus albicans,-0.5582311261,0.1358951945,0.5775285653,0.006216865588,0.01076460276,0.5775139828,,,,,,,,
134,Sardinops sagax,-1.054578397,0.03757368492,0.3485852335,0.0001716691081,0.0004924738389,0.348584981,,,,,,,,
135,Sardina pilchardus,-0.6398790927,0.03754104206,0.5277279218,0.0003927704998,0.0007442670429,0.5277274781,,,,,,,,
136,Cololabis saira,-0.7888470348,0.1733531155,0.4612470942,0.006490415318,0.01407144977,0.4610988715,,,,,,,,
137,Sebastes jordani,-2.35925149,0.1842088499,0.096107777,0.0003188066101,0.003317178069,0.09610086465,,,,,,,,
138,Thunnus maccoyii,-2.298084236,0.1660237124,0.1018450947,0.0002898809268,0.002846292478,0.1018302352,,,,,,,,
139,Micromesistius australis,-1.985372385,0.1476660189,0.1388349087,0.0004249149835,0.003060577397,0.1388148316,,,,,,,,
140,Placopecten magellanicus,NA,NA,NA,NA,NA,0.5121718317,0.56,0.37,0.84,95% CL,SLB,https://www.sealifebase.ca/summary/Placopecten-magellanicus.html,,
141,Metanephrops challengeri,NA,NA,NA,NA,NA,0.196296302,,,,,,,,
142,Stenotomus chrysops,-1.07092027,0.1674144808,0.3475292427,0.003432962674,0.009878198011,0.3474566575,,,,,,,,
143,Squalus acanthias,-3.118442707,0.08849015631,0.04439948302,1.55E-05,0.0003490352747,0.04439861563,,,,,,,,
144,Paralichthys dentatus,0.2835274087,0.1098076373,1.335834603,0.02164668529,0.01620461488,1.335814732,,,,,,,,
145,Isurus oxyrinchus,-2.418964111,0.1255549132,0.0897181586,0.0001278956405,0.00142552681,0.08971571552,,,,,,,,
146,Merluccius bilinearis,-1.875896718,0.1125128149,0.1541903885,0.0003028798501,0.001964323801,0.1541898531,,,,,,,,
147,Seriolella punctata,-1.360956024,0.1926415645,0.2612178258,0.002579817812,0.009876117008,0.2611480125,,,,,,,,
148,Katsuwonus pelamis,-0.6856336269,0.04926297441,0.5043825825,0.000618142367,0.00122554265,0.5043813366,,,,,,,,
149,Pseudocyttus maculatus,-2.227680772,0.1967180169,0.1098838058,0.0004764155391,0.004335630129,0.1098556159,,,,,,,,
150,Squilla mantis,NA,NA,NA,NA,NA,0.07547656954,0.56,0.37,0.84,95% CL,SLB,https://www.sealifebase.ca/summary/Squilla-mantis.html,,
151,Mullus surmuletus,-0.4226476881,0.04870773384,0.6560872693,0.001022431783,0.00155837772,0.6560855392,,,,,,,,
152,Chionoecetes opilio,NA,NA,NA,NA,NA,0.1159685297,0.58,0.38,0.87,95% CL,SLB,https://www.sealifebase.ca/summary/Chionoecetes-opilio.html,,
153,Sebastes diploproa,-2.628681053,0.5902061908,0.08590533208,0.003075269071,0.03579834914,0.08517461966,,,,,,,,
154,Solea solea,-1.158813672,0.04951934387,0.3142433512,0.0002424457348,0.0007715222419,0.3142423598,,,,,,,,
155,Merluccius australis,-2.886658077,0.1537541841,0.05642528517,7.62E-05,0.001349805515,0.05642502415,,,,,,,,
156,Scomberomorus maculatus,-0.5959388307,0.07758834084,0.5527061155,0.001844545367,0.003337298638,0.5526985063,,,,,,,,
157,Scomberomorus niphonius,-0.6547495905,0.1531688589,0.5257028022,0.006560333591,0.01247916801,0.5256824326,,,,,,,,
158,Merluccius gayi,NA,NA,NA,NA,NA,0.1379772857,0.418,0.274,0.638,average of 95% CL,FB,,,
159,Sprattus sprattus,-0.745716535,0.07026783782,0.4755668821,0.001119461102,0.002353950925,0.4755572106,,,,,,,,
160,Squalus suckleyi,-3.748281663,0.1503319567,0.02382590573,1.30E-05,0.0005445888477,0.02382504151,,,,,,,,
161,Mya arenaria,NA,NA,NA,NA,NA,0.1454651903,,,,,,,,
162,Palinurus gilchristi,NA,NA,NA,NA,NA,0.393672998,0.22,0.13,0.37,95% CL,SLB,https://www.sealifebase.ca/summary/Palinurus-elephas.html,Palinurus elephas,
163,Sebastolobus alascanus,-2.943090587,0.2185531903,0.05397642843,0.0001425397591,0.002640777896,0.05393524493,,,,,,,,
164,Platichthys stellatus,-1.378757028,0.1810345515,0.256053141,0.002184335127,0.00853078825,0.2559977444,,,,,,,,
165,Morone saxatilis,-1.369697959,0.09481446234,0.2553288215,0.0005887113701,0.00230569885,0.2553187553,,,,,,,,
166,Spisula solidissima,NA,NA,NA,NA,NA,0.6606905274,0.47,0.31,0.7,95% CL ,SLB,https://www.sealifebase.ca/summary/Spisula-solidissima.html,,
167,Xiphias gladius,-1.155212779,0.05956634823,0.3155498193,0.0003539227847,0.001121606679,0.3155495665,,,,,,,,
168,Raja clavata,-2.730253029,0.1233930095,0.06570106708,6.62E-05,0.001008008002,0.06569896751,,,,,,,,
169,Galeoides decadactylus,-0.6848892692,0.1463200962,0.5095718152,0.005619220537,0.0110273378,0.5095465523,,,,,,,,
170,Lopholatilus chamaeleonticeps,-1.940145695,0.1315003504,0.1449307084,0.0003663827729,0.002527985801,0.1449196987,,,,,,,,
171,Pseudocaranx dentex,-0.9747148045,0.155753487,0.3819042982,0.003581484747,0.009377963967,0.381895849,,,,,,,,
172,Rhomboplites aurorubens,-0.949481156,0.173306473,0.3927965093,0.004704388478,0.01197665551,0.392729366,,,,,,,,
173,Seriolella brama,-1.402408121,0.1852177198,0.2502598955,0.002185839391,0.008734277563,0.2502117247,,,,,,,,
174,Cynoscion regalis,-1.115405315,0.1451082328,0.3312515854,0.002334965129,0.007048917596,0.3312145082,,,,,,,,
175,Urophycis tenuis,-1.745681762,0.2077924984,0.1783347457,0.001403270264,0.007868742898,0.1782622855,,,,,,,,
176,Merlangius merlangus,-0.9262905865,0.03641118013,0.3962825946,0.0002083374892,0.0005257295981,0.3962820518,,,,,,,,
177,Scophthalmus aquosus,-0.5377810964,0.1643953744,0.5919884367,0.009600358219,0.01621713808,0.591903196,,,,,,,,
178,Pseudopleuronectes americanus,-1.183179518,0.07745606517,0.3072234958,0.0005679670328,0.001848709622,0.3072213207,,,,,,,,
179,Glyptocephalus cynoglossus,-1.903796127,0.1046560823,0.1498201538,0.0002472008645,0.001649984053,0.1498152829,,,,,,,,
180,Sebastes entomelas,-2.628681053,0.5902061908,0.08590533208,0.003075269071,0.03579834914,0.08517461966,,,,,,,,
181,Buccinum undatum,NA,NA,NA,NA,NA,0.2760110469,0.57,0.37,0.85,95% CL,SLB,https://www.sealifebase.ca/summary/Buccinum-undatum.html,,
182,Limanda ferruginea,-1.132630125,0.1632808181,0.3265083317,0.002880454466,0.008821993763,0.3264537298,,,,,,,,
183,Sebastes ruberrimus,-3.358570442,0.2520868882,0.03590795061,8.46E-05,0.002355935717,0.03588485594,,,,,,,,
184,Thunnus albacares,-0.9914731293,0.0593311778,0.3716833358,0.0004871657452,0.001310701068,0.3716812794,,,,,,,,
185,Zearaja chilensis,-3.320705885,0.199751127,0.03685530797,5.53E-05,0.001500277569,0.03685180978,,,,,,,,
186,Limanda aspera,-1.635268559,0.09585036255,0.1957973834,0.0003538325723,0.001807136368,0.1957922744,,,,,,,,
187,Sebastes flavidus,-2.861621475,0.215822049,0.05852320735,0.0001633058178,0.002790445453,0.05850833668,,,,,,,,
188,Polydactylus quadrifilis,-0.5995477301,0.2326377176,0.5641203994,0.01769737863,0.03137163387,0.5637845435,,,,,,,,
189,Pseudopercis semifasciata,-0.7365071582,0.7554564925,0.636895363,0.3121492286,0.4901106944,0.6161513562,,,,,,,,
190,Cottoperca gobio,-0.9013564802,0.9376625553,0.6301792688,0.5595497806,0.8879215937,0.5854354543,,,,,,,,
191,Cilus gilberti,-0.7094370522,0.6911113182,0.6246151211,0.2388682954,0.3824247722,0.6149215344,,,,,,,,
192,Cynoscion guatucupa,-0.6113952637,0.1248567863,0.546839108,0.004698216119,0.008591587637,0.5467914605,,,,,,,,
193,Limanda limanda,-0.7762910274,0.06831959892,0.4611844334,0.0009950704731,0.002157641068,0.461182212,,,,,,,,
194,Liza klunzingeri,-0.8543187514,0.532025129,0.4902727635,0.07864159705,0.1604037648,0.4866921894,,,,,,,,
195,Dipturus innominatus,-2.614142847,0.3176970542,0.07702100225,0.0006300079258,0.00817969005,0.07689408201,,,,,,,,
196,Alectis alexandrinus,NA,NA,NA,NA,NA,0.4633257641,0.28,0.16,0.49,95% CL,FB,https://www.fishbase.se/summary/988,Alectis ciliaris,
197,Coelorinchus chilensis,-1.781447686,0.6453165349,0.2073740791,0.02221342146,0.1071176376,0.20473056,,,,,,,,
198,Larimichthys polyactis,-0.6120488467,0.129324699,0.5467922171,0.005042482785,0.009221935916,0.5467525539,,,,,,,,
199,Haemulon plumierii,-0.5501490859,0.07874702863,0.5786551709,0.002082836953,0.003599444121,0.578658105,,,,,,,,
200,Salvelinus alpinus,NA,NA,NA,NA,NA,0.7458586018,0.2,0.13,0.31,95% CL,FB,https://www.fishbase.se/summary/Salvelinus-alpinus.html,,
201,Scolopsis taeniata,0.08290827683,0.2004563401,1.10849102,0.0503800671,0.04544923341,1.108309695,,,,,,,,
202,Ilisha africana,0.09691722763,0.1202974137,1.109770194,0.01795249948,0.01617677207,1.109728349,,,,,,,,
203,Percophis brasiliensis,-1.362441262,0.1170406435,0.2577946334,0.0009166406986,0.003555701244,0.2577767832,,,,,,,,
204,Ariomma indica,NA,NA,NA,NA,NA,0.3384717252,,,,,,,,
205,Platycephalus indicus,-0.7645479739,0.2362688024,0.4787213898,0.01315699205,0.02748361015,0.4783124183,,,,,,,,
206,Salmo trutta,-0.2938185089,0.03462093194,0.7458586273,0.0006671920212,0.0008945287978,0.7458586018,,,,,,,,
207,Sarda chiliensis,-0.7642088213,0.1898244284,0.4741686758,0.008249316235,0.01739742977,0.4740439959,,,,,,,,
208,Pennahia argentata,-0.2318875997,0.1706548861,0.804667561,0.01913417706,0.02377898401,0.8045399221,,,,,,,,
209,Bothus pantherinus,-0.385842544,0.5377261021,0.7856311563,0.20694717,0.2634151769,0.7773578457,,,,,,,,
210,Mugil curema,-0.6611602069,0.1163036773,0.5197554148,0.003678963683,0.007078259462,0.519723121,,,,,,,,
211,Seriola rivoliana,-0.8298707069,0.5446935371,0.5058448981,0.08838051842,0.1747186119,0.5012410362,,,,,,,,
212,Trachurus lathami,-0.3599376837,0.1344046004,0.7040503641,0.009035752064,0.01283395695,0.7040325904,,,,,,,,
213,Coryphaena hippurus,-0.2310325628,0.06817604564,0.7955603449,0.002948625082,0.003706349997,0.7955550719,,,,,,,,
214,Lutjanus purpureus,-1.185051812,0.1210409558,0.307978176,0.001399876953,0.004545377114,0.3079680414,,,,,,,,
215,Diapterus auratus,0.2270012801,0.4131152153,1.366610205,0.3475504742,0.2543157317,1.358096079,,,,,,,,
216,Larimus breviceps,-0.4909075687,0.5621307549,0.7168332183,0.1909558025,0.266388049,0.7078459579,,,,,,,,
217,Mugil liza,-0.7468490254,0.1274599477,0.477722143,0.003737926642,0.007824478511,0.4776976191,,,,,,,,
218,Aphia minuta,0.5263633792,0.1008962413,1.70140334,0.02961944953,0.01740883471,1.701307534,,,,,,,,
219,Belone belone,-0.7455278019,0.1375675222,0.4789948705,0.004383383912,0.009151212636,0.4789744173,,,,,,,,
220,Epinephelus striatus,-1.341833526,0.1152470657,0.2631075006,0.0009255790763,0.003517874155,0.2631067062,,,,,,,,
221,Molva molva,-2.203375397,0.1480706701,0.1116470263,0.0002763134587,0.002474884176,0.1116295411,,,,,,,,
222,Pollachius pollachius,-0.8543335647,0.2335901269,0.4373369226,0.01072614407,0.02452604277,0.4370460711,,,,,,,,
223,Acanthocybium solandri,-0.6555410599,0.1163038138,0.5226842261,0.003720551071,0.007118162142,0.5226477186,,,,,,,,
224,Auxis thazard,-0.3560487537,0.1073343464,0.704484871,0.005750754866,0.008163063685,0.7044836831,,,,,,,,
225,Capros aper,-0.8405585977,0.1286826345,0.435056667,0.003160328989,0.007264177816,0.4350393843,,,,,,,,
226,Caranx hippos,-0.1552326035,0.1875857493,0.8714137407,0.02719643414,0.03120955393,0.8711637031,,,,,,,,
227,Cepola macrophthalma,-0.4204585951,0.1350606635,0.6627629437,0.00808614047,0.01220065266,0.6627260318,,,,,,,,
228,Chanos chanos,-0.581399009,0.1580780651,0.5661452141,0.008110290772,0.01432546027,0.5660418697,,,,,,,,
229,Ctenolabrus rupestris,-0.72320362,0.1665459164,0.4919713239,0.006807452328,0.01383709171,0.491881692,,,,,,,,
230,Dicentrarchus labrax,-0.6334296224,0.0506885809,0.5314506392,0.0007266146931,0.001367228938,0.5314516107,,,,,,,,
231,Euthynnus affinis,-0.478518704,0.1887074388,0.6308334135,0.01442656996,0.0228690644,0.6306262343,,,,,,,,
232,Euthynnus alletteratus,-1.115217665,0.1210649683,0.3302552951,0.001610360537,0.004876108152,0.3302452198,,,,,,,,
233,Eutrigla gurnardus,-1.719852112,0.1644735728,0.181531455,0.0009036150239,0.004977732502,0.1815318143,,,,,,,,
234,Helicolenus dactylopterus,-1.904969521,0.08141922773,0.1493212915,0.0001482988271,0.0009931525885,0.1493200147,,,,,,,,
235,Istiophorus platypterus,-0.7702982273,0.1190509473,0.4661668493,0.003101914149,0.006654085663,0.4661433895,,,,,,,,
236,Gymnosarda unicolor,-0.804636809,0.7589352035,0.5965182234,0.2771511498,0.4646147242,0.576495768,,,,,,,,
237,Lutjanus guttatus,-1.01830435,0.2146264396,0.3696228579,0.006440584192,0.0174247454,0.3694076678,,,,,,,,
238,Lutjanus kasmira,-0.7967318138,0.1221978112,0.4541781935,0.003103315674,0.006832815221,0.4541410189,,,,,,,,
239,Lutjanus malabaricus,-1.206783128,0.07450035721,0.2999894485,0.0005008808869,0.001669661681,0.2999840178,,,,,,,,
240,Lutjanus peru,-1.325463885,0.1478161271,0.2685980965,0.001593685865,0.005933347577,0.2685689649,,,,,,,,
241,Lutjanus quinquelineatus,-1.12456227,0.1122386827,0.3268468686,0.001354291548,0.004143504736,0.3268302512,,,,,,,,
242,Lutjanus synagris,-0.4159121193,0.04896700233,0.6605296699,0.001047399758,0.001585696761,0.6605280907,,,,,,,,
243,Lutjanus vivanus,-1.388980195,0.1362042953,0.2516529331,0.001185824064,0.004712140843,0.2516390987,,,,,,,,
244,Ocyurus chrysurus,-0.7490770748,0.06888643336,0.4739258499,0.001068363492,0.002254284067,0.4739226949,,,,,,,,
245,Orcynopsis unicolor,-0.804636809,0.7589352035,0.5965182234,0.2771511498,0.4646147242,0.576495768,,,,,,,,
246,Rastrelliger brachysoma,0.1575525571,0.04620712258,1.171892667,0.002935332051,0.002504778921,1.171888079,,,,,,,,
247,Rastrelliger kanagurta,0.1217400949,0.04151470747,1.130434227,0.002204290666,0.001949950394,1.130431459,,,,,,,,
248,Sarda orientalis,-1.105561773,0.2425808083,0.3409092217,0.007044191635,0.0206629542,0.3407176057,,,,,,,,
249,Sarda sarda,-0.3558557173,0.08331486468,0.7030093874,0.003442511546,0.00489682159,0.7029974871,,,,,,,,
250,Scomberomorus commerson,-0.6116547795,0.05530857071,0.543282813,0.0009042764782,0.001664467303,0.5432818383,,,,,,,,
251,Scomberomorus guttatus,-0.715191117,0.2129081105,0.5003105941,0.01160764846,0.0232008848,0.500125018,,,,,,,,
252,Scomberomorus lineolatus,-1.229504975,0.1922287297,0.2978905824,0.00334040286,0.01121352288,0.2978103022,,,,,,,,
253,Scomberomorus regalis,-0.527615585,0.2048914555,0.602525476,0.01556490113,0.02583276848,0.6022335046,,,,,,,,
254,Scomberomorus tritor,0.000161266764,0.1427383157,1.01040211,0.02101364267,0.0207973068,1.010313769,,,,,,,,
255,Thunnus atlanticus,-0.8981095045,0.1419723977,0.4114649562,0.00344713067,0.008377701717,0.4114138685,,,,,,,,
256,Thunnus tonggol,-1.5270229,0.2045978285,0.2217748138,0.002102558253,0.009480599788,0.2217378386,,,,,,,,
257,Acanthistius brasilianus,-1.232169708,0.7717157194,0.3928226144,0.1256110427,0.3197653039,0.380177945,,,,,,,,
258,Albula vulpes,-0.7771383972,0.1251313676,0.4633329042,0.003387842147,0.007311896297,0.4633257641,,,,,,,,
259,Glossanodon semifasciatus,-0.6826896167,0.2288438683,0.5186609636,0.01446329381,0.02788583454,0.5183564409,,,,,,,,
260,Arripis georgianus,-0.9767498967,0.2437166955,0.3878832127,0.009207345622,0.02373741714,0.3875430986,,,,,,,,
261,Conger myriaster,-1.530800225,0.6628670614,0.2695223787,0.04008145726,0.14871291,0.2662400098,,,,,,,,
262,Boops boops,-0.7556158271,0.06492563347,0.4707123195,0.0009359641007,0.001988399415,0.47070772,,,,,,,,
263,Boreogadus saida,-1.004704649,0.1581676527,0.3707615497,0.0034823179,0.00939233829,0.3707044624,,,,,,,,
264,Brama brama,-1.400107398,0.239297374,0.2537322299,0.003794207049,0.01495358729,0.2535864438,,,,,,,,
265,Centropomus undecimalis,-0.4586514358,0.1749954044,0.6418890946,0.01281268168,0.01996089634,0.6417963177,,,,,,,,
266,Chloroscombrus chrysurus,-0.2143628193,0.1588346021,0.8173003682,0.01706645931,0.02088150204,0.8172352655,,,,,,,,
267,Conger conger,-1.580811049,0.1564554438,0.2083425047,0.00107563112,0.005162802097,0.2083244612,,,,,,,,
268,Conger oceanicus,-1.530800225,0.6628670614,0.2695223787,0.04008145726,0.14871291,0.2662400098,,,,,,,,
269,Coregonus albula,-0.8697923877,0.09128002362,0.4207879027,0.001481455175,0.003520669595,0.4207715151,,,,,,,,
270,Decapterus russelli,0.2082575234,0.04782070549,1.232939226,0.003480262234,0.002822736239,1.232935933,,,,,,,,
271,Dicentrarchus punctatus,-0.7192149953,0.1499746069,0.4926438381,0.005520709414,0.01120628939,0.4926050066,,,,,,,,
272,Eleginus gracilis,-1.183552472,0.08556500491,0.307311992,0.0006939723386,0.002258201296,0.3073066164,,,,,,,,
273,Eleutheronema tetradactylum,-0.7489141092,0.785898842,0.643974845,0.3543810482,0.5503026259,0.6170472425,,,,,,,,
274,Harpadon nehereus,-0.8027721365,0.1355405945,0.4522199918,0.003791697323,0.008384630029,0.4521815983,,,,,,,,
275,Isacia conceptionis,-0.6649979367,0.6952765442,0.654886592,0.2665869275,0.4070734242,0.6403233233,,,,,,,,
276,Lactarius lactarius,-0.1256458299,0.1660696473,0.8941727712,0.02235763714,0.02500371054,0.8940281527,,,,,,,,
277,Lates calcarifer,-0.3499735514,0.08805367938,0.7074439847,0.003895505847,0.005506451297,0.707445577,,,,,,,,
278,Lutjanus gibbus,-0.842972604,0.1654841137,0.4363633077,0.005286511882,0.01211493219,0.4363175982,,,,,,,,
279,Lutjanus griseus,-1.117003224,0.09147224107,0.3286310328,0.0009074317221,0.002761247817,0.3286270625,,,,,,,,
280,Lutjanus johnii,-1.017270404,0.1372143076,0.3650005125,0.002532098274,0.006937245804,0.3649610386,,,,,,,,
281,Megalaspis cordyla,-0.1600626222,0.08901306273,0.8554728179,0.005821589549,0.006805113415,0.8554594506,,,,,,,,
282,Megalops cyprinoides,-1.693661381,0.5964151029,0.2196311142,0.0206069579,0.0938253124,0.2180352502,,,,,,,,
283,Mene maculata,-0.3957488344,0.1555828887,0.6813727153,0.01137522552,0.01669457151,0.681255374,,,,,,,,
284,Menidia menidia,-0.1349013915,0.1452544951,0.8830689836,0.01662792438,0.01882970038,0.8829284773,,,,,,,,
285,Microgadus tomcod,-1.074901368,0.7755158051,0.4610775695,0.1753286142,0.3802583899,0.4460163941,,,,,,,,
286,Muraenesox cinereus,-1.432125018,1.03792638,0.4092293866,0.3243389097,0.7925601638,0.3794997824,,,,,,,,
287,Nemipterus virgatus,-0.04611767596,0.06807406257,0.9571447577,0.004255251711,0.004445776542,0.9571422004,,,,,,,,
288,Oncorhynchus gorbuscha,-0.8703909224,0.5659306033,0.4915202212,0.09120341963,0.1855537488,0.4870659061,,,,,,,,
289,Oncorhynchus keta,-1.109842247,0.1259538136,0.3322358848,0.001765083186,0.005312740935,0.3322147568,,,,,,,,
290,Oncorhynchus kisutch,-0.6693392245,0.2494494061,0.52822829,0.01791390692,0.03391319106,0.527884822,,,,,,,,
291,Oncorhynchus masou,NA,NA,NA,NA,NA,0.527884822,0.488,0.32,0.738,average of 95% CL,FB,,,
292,Oncorhynchus nerka,-1.071576184,0.07139132008,0.3433421442,0.0006023546449,0.001754385983,0.3433384457,,,,,,,,
293,Oncorhynchus tshawytscha,-0.8703909224,0.5659306033,0.4915202212,0.09120341963,0.1855537488,0.4870659061,,,,,,,,
294,Osmerus mordax,-2.459775764,0.2305247703,0.08775513243,0.0004203111552,0.004789590574,0.0877339347,,,,,,,,
295,Paralabrax humeralis,-1.463897949,0.588005328,0.2749893755,0.03123446882,0.1135842749,0.2727771274,,,,,,,,
296,Parona signata,-0.272585812,0.6402761276,0.934625792,0.4426570156,0.4736195164,0.9152854128,,,,,,,,
297,Pentanemus quinquarius,-0.3927170839,0.1860866861,0.6870123869,0.01663033,0.02420673967,0.6867384562,,,,,,,,
298,Plectorhinchus mediterraneus,-1.24967876,0.2342696743,0.2945702926,0.004895331191,0.01661855019,0.2944053448,,,,,,,,
299,Polyprion americanus,-2.343935066,0.15194387,0.09706333301,0.0002200390078,0.002266963239,0.09705393547,,,,,,,,
300,Pomadasys argenteus,-0.2205483877,0.09721560617,0.8058779694,0.006166864291,0.007652354978,0.8058622975,,,,,,,,
301,Salilota australis,-1.778278258,0.8710549873,0.246865935,0.0692052205,0.2803352374,0.2364821087,,,,,,,,
302,Sarpa salpa,-0.68151317,0.14646152,0.5113056731,0.005668584746,0.01108648905,0.5112513778,,,,,,,,
303,Selar crumenophthalmus,0.3029341172,0.05496336775,1.355871747,0.005562116149,0.004102243565,1.355864895,,,,,,,,
304,Selaroides leptolepis,0.4759301715,0.05504130089,1.611950512,0.007883858341,0.004890881129,1.611938659,,,,,,,,
305,Selene dorsalis,-0.4528489556,0.2433166063,0.6549165408,0.02615981113,0.03994373253,0.6543775009,,,,,,,,
306,Selene setapinnis,-0.134195006,0.2173950098,0.8953283909,0.03879419798,0.04332957424,0.8947968246,,,,,,,,
307,Trachinotus carolinus,-0.3041359131,0.5160472719,0.8428354635,0.2167576706,0.2571767326,0.8362313573,,,,,,,,
308,Trachurus declivis,-1.249433544,0.1430067175,0.2896134768,0.001733001108,0.005983841386,0.2895886151,,,,,,,,
309,Trachurus symmetricus,-1.448462366,0.1706316813,0.2383762954,0.001678738654,0.007042389226,0.2383578316,,,,,,,,
310,Urophycis brasiliensis,-0.9941518281,0.1653728368,0.3751318403,0.003901650132,0.01040074372,0.3750804933,,,,,,,,
311,Urophycis chuss,-1.222255631,0.2451972938,0.3035542991,0.005709851219,0.01880998305,0.3033390819,,,,,,,,
312,Zenopsis conchifer,-1.632611429,0.6807337224,0.2463721137,0.03578015347,0.145228098,0.2435424658,,,,,,,,
313,Ablennes hians,-0.5717079639,0.239004761,0.5809176178,0.01983834357,0.03415001192,0.5806229755,,,,,,,,
314,Amphichthys cryptocentrus,-0.8463229538,0.7591105237,0.57223899,0.2552043562,0.4459751269,0.559312165,,,,,,,,
315,Archosargus probatocephalus,-0.503911848,0.1336121091,0.6095795937,0.006693215397,0.01098005161,0.6095470992,,,,,,,,
316,Arctoscopus japonicus,-0.9013564802,0.9376625553,0.6301792688,0.5595497806,0.8879215937,0.5854354543,,,,,,,,
317,Argyrops spinifer,-0.7089495778,0.09709177656,0.4944861328,0.002315910351,0.004683468751,0.4944780094,,,,,,,,
318,Argyrosomus hololepidotus,-1.641943496,0.571538139,0.2279530542,0.02007441226,0.0880638004,0.2259605067,,,,,,,,
319,Argyrosomus regius,-1.920626856,0.1861347924,0.1490752935,0.0007834503946,0.005255400652,0.14902481,,,,,,,,
320,Argyrozona argyrozona,-1.089443822,0.1104109006,0.3384602788,0.001405041519,0.004151274483,0.3384717252,,,,,,,,
321,Atractoscion aequidens,-1.194633978,0.2425337146,0.3118532119,0.005892240381,0.01889427512,0.3117179239,,,,,,,,
322,Atrobucca nibe,-0.7793041692,0.09549535645,0.4608215116,0.001945412697,0.00422161867,0.4608111567,,,,,,,,
323,Austroglossus microlepis,-1.72257972,0.2768221325,0.1855808814,0.002742928219,0.01478023058,0.1853588197,,,,,,,,
324,Austroglossus pectoralis,-1.340614053,0.2121997626,0.2676434264,0.003299267324,0.01232710016,0.267572094,,,,,,,,
325,Brotula barbata,-1.323802933,0.2756652895,0.2764273455,0.006032981324,0.02182483543,0.2760110469,,,,,,,,
326,Carcharhinus brachyurus,-2.726545158,0.3229139013,0.0689476013,0.0005224578023,0.007577606653,0.06882328197,,,,,,,,
327,Carcharhinus falciformis,-2.719263019,0.1627342234,0.06680203028,0.0001197568577,0.001792712845,0.06679215287,,,,,,,,
328,Carcharhinus longimanus,-2.409059435,0.2462992115,0.0926683967,0.0005370674111,0.005795583286,0.09262348455,,,,,,,,
329,Carcharhinus sorrah,-1.741500518,0.2569556934,0.1811395766,0.002239543403,0.01236363386,0.1810111919,,,,,,,,
330,Centrophorus granulosus,-3.515207441,0.8889875612,0.04415460742,0.00234746114,0.05316457958,0.04193060392,,,,,,,,
331,Centrophorus squamosus,-3.537221836,0.315625587,0.03057990821,9.80E-05,0.003203260457,0.03053828046,,,,,,,,
332,Cephaloscyllium isabellum,-2.210794004,1.040566956,0.1883592551,0.06928649362,0.3678422575,0.1733752398,,,,,,,,
333,Cetengraulis edentulus,-0.6918811647,0.1722387799,0.5081147017,0.007773977172,0.01529965015,0.5079794107,,,,,,,,
334,Cetengraulis mysticetus,-0.1939758371,0.09639178325,0.8275132588,0.006392181684,0.007724567089,0.8274716663,,,,,,,,
335,Cheimerius nufar,-0.8309476821,0.1039172641,0.4379947814,0.002082861151,0.004755447414,0.4379799515,,,,,,,,
336,Chelidonichthys kumu,-1.475579556,0.136838877,0.2307969136,0.001006818986,0.004362358967,0.230775186,,,,,,,,
337,Conodon nobilis,-0.6649979367,0.6952765442,0.654886592,0.2665869275,0.4070734242,0.6403233233,,,,,,,,
338,Cynoscion analis,-0.6072442177,0.1572764179,0.5516308084,0.00762090668,0.01381523034,0.5515724416,,,,,,,,
339,Cynoscion nebulosus,-0.8317325063,0.07838452567,0.4366337922,0.001174979317,0.00269099492,0.4366251235,,,,,,,,
340,Cynoscion striatus,-0.6832895752,0.4622316918,0.5618836344,0.07520266382,0.1338402815,0.5608961223,,,,,,,,
341,Dalatias licha,-2.938432064,1.337462988,0.1295059515,0.08356231089,0.6452391564,0.1063230587,,,,,,,,
342,Dentex dentex,-1.22899019,0.1264077871,0.2949348703,0.001401116677,0.004750596889,0.2949036059,,,,,,,,
343,Drepane punctata,-0.6318292535,0.1459765888,0.5373129007,0.006218081365,0.01157255178,0.5372441963,,,,,,,,
344,Eleginops maclovinus,-1.716779475,0.247834115,0.1852463718,0.002173839251,0.01173485467,0.1851322928,,,,,,,,
345,Epinephelus aeneus,-1.763752555,0.1455366968,0.1732253225,0.0006423552577,0.003708206448,0.1732168841,,,,,,,,
346,Etmopterus spinax,-3.544240646,0.8688528829,0.04213873119,0.002001911327,0.04750763183,0.04029634248,,,,,,,,
347,Galeocerdo cuvier,-2.596434112,0.2105475695,0.07620951369,0.0002632574096,0.003454390362,0.07617546873,,,,,,,,
348,Genyonemus lineatus,-0.7094370522,0.6911113182,0.6246151211,0.2388682954,0.3824247722,0.6149215344,,,,,,,,
349,Hexanchus griseus,-2.396647389,1.086212589,0.1641920508,0.06076326464,0.3700743389,0.1486316232,,,,,,,,
350,Lepidopus caudatus,-1.239349698,0.1421649728,0.2925135589,0.001746921317,0.005972103733,0.2924787505,,,,,,,,
351,Lichia amia,-0.272585812,0.6402761276,0.934625792,0.4426570156,0.4736195164,0.9152854128,,,,,,,,
352,Lithognathus mormyrus,-0.6629717676,0.08127554401,0.5170224869,0.001771633309,0.003426607843,0.5170185698,,,,,,,,
353,Macrodon ancylodon,-0.4879180123,0.1068523015,0.6174178195,0.004377313987,0.007089711129,0.6173980401,,,,,,,,
354,Menticirrhus littoralis,-0.7478897856,0.5557817921,0.5524219705,0.1104462789,0.1999310034,0.5477179853,,,,,,,,
355,Menticirrhus saxatilis,-0.7180211168,0.2031055407,0.4978805021,0.01043956255,0.0209680084,0.4976665214,,,,,,,,
356,Naucrates ductor,0.05442210211,0.1288646213,1.064734154,0.01898282007,0.01782869461,1.06459507,,,,,,,,
357,Oblada melanura,-0.851027516,0.1349644056,0.4308825118,0.00341285356,0.007920612852,0.4308683306,,,,,,,,
358,Oxynotus centrina,-2.938432064,1.337462988,0.1295059515,0.08356231089,0.6452391564,0.1063230587,,,,,,,,
359,Pagellus acarne,-0.7421605347,0.09467725882,0.4782227537,0.002059205727,0.004305955144,0.4782092772,,,,,,,,
360,Pampus argenteus,-0.4118675696,0.1070623819,0.6662192937,0.005116813755,0.00768037462,0.6662122095,,,,,,,,
361,Paralonchurus peruanus,-0.7094370522,0.6911113182,0.6246151211,0.2388682954,0.3824247722,0.6149215344,,,,,,,,
362,Parapercis colias,-0.8093660044,0.09288561423,0.4470646179,0.001731858281,0.003873843315,0.4470593861,,,,,,,,
363,Petrus rupestris,-1.384589116,0.2295834777,0.257114227,0.003577908834,0.01391563927,0.2569999436,,,,,,,,
364,Pogonias cromis,-1.688663234,0.1376364231,0.1865247498,0.0006653647244,0.003567165885,0.1865098764,,,,,,,,
365,Prionace glauca,-2.903678113,0.1149131075,0.05518436539,4.05E-05,0.0007335433433,0.0551846738,,,,,,,,
366,Psenopsis anomala,-0.3701068279,0.1810223585,0.7020699186,0.01641951475,0.02338729279,0.7019277173,,,,,,,,
367,Psettodes erumei,-0.160991324,0.0941440401,0.8550804047,0.006509169652,0.00761234805,0.8550667903,,,,,,,,
368,Pseudotolithus senegalensis,-0.7448883092,0.09804194865,0.4770746996,0.002198293015,0.00460785914,0.4770609189,,,,,,,,
369,Pterogymnus laniarius,-0.9674983458,0.1485628509,0.38424962,0.003294949761,0.008575024124,0.384229596,,,,,,,,
370,Pteroscion peli,-0.7094370522,0.6911113182,0.6246151211,0.2388682954,0.3824247722,0.6149215344,,,,,,,,
371,Pterygotrigla polyommata,-1.289382968,0.8278982278,0.3880289881,0.1482472018,0.3820518732,0.370196464,,,,,,,,
372,Rhabdosargus globiceps,-0.846177684,0.2361051382,0.4411788784,0.01115839021,0.0252922131,0.4410616613,,,,,,,,
373,Scophthalmus rhombus,-0.1815821445,0.09034072754,0.8373598095,0.005745989568,0.006862031713,0.8373555814,,,,,,,,
374,Scyliorhinus stellaris,-2.115318986,0.7939821855,0.1652798583,0.02399498329,0.1451779034,0.1599208438,,,,,,,,
375,Sphyrna lewini,-2.825844185,0.1771938475,0.06019624192,0.0001155770987,0.00192000522,0.06018394802,,,,,,,,
376,Sphyrna zygaena,-2.440633949,0.7399790279,0.1145379044,0.009564285292,0.08350323278,0.1124577367,,,,,,,,
377,Squatina argentina,-2.616467782,0.7996643516,0.1005865986,0.009059992437,0.0900715658,0.09782081458,,,,,,,,
378,Stephanolepis cirrhifer,-0.3340145883,0.5711751961,0.842910887,0.2740744996,0.325152402,0.8289462287,,,,,,,,
379,Tautoga onitis,-1.032086112,0.130589653,0.359313762,0.002220616977,0.006180161218,0.3592832811,,,,,,,,
380,Thyrsites atun,-1.088991455,0.2701402826,0.3490627516,0.009224196928,0.02642561226,0.3487634335,,,,,,,,
381,Zoarces viviparus,-1.116350788,0.1408851063,0.3307387528,0.002192893485,0.006630288912,0.3307064946,,,,,,,,
382,Alepes djedaba,0.002962178106,0.1676859978,1.017167166,0.02950519211,0.02900722035,1.016932543,,,,,,,,
383,Alosa pseudoharengus,0.6091640616,0.06466842272,1.842742708,0.01423057233,0.007722495533,1.842738223,,,,,,,,
384,Alosa sapidissima,0.006580928886,0.1094567431,1.012650669,0.01235971743,0.01220531206,1.012644641,,,,,,,,
385,Amblygaster sirm,0.3470883509,0.04880950551,1.416628191,0.00478671977,0.003378952783,1.416627667,,,,,,,,
386,Anchoa nasus,0.250012703,0.1410816638,1.296884333,0.03381215948,0.02607183896,1.29668401,,,,,,,,
387,Anodontostoma chacunda,0.3275094918,0.1401763669,1.401207267,0.03896082679,0.02780518465,1.401055229,,,,,,,,
388,Atule mate,0.2217398712,0.101205595,1.254655656,0.0162063117,0.01291693989,1.254602249,,,,,,,,
389,Brevoortia aurea,-0.1648175725,0.450849116,0.9387696821,0.198639844,0.2115959301,0.9332394371,,,,,,,,
390,Carangoides bajad,-0.04388693698,0.1971678018,0.9758470988,0.03774891875,0.038683231,0.9758453045,,,,,,,,
391,Caranx crysos,-0.3531213756,0.1539332072,0.7108643468,0.0121169596,0.0170453894,0.710740775,,,,,,,,
392,Carangoides fulvoguttatus,-0.09145094354,0.4500501744,1.009870027,0.2289691997,0.2267313551,1.003702856,,,,,,,,
393,Caranx ignobilis,-0.8710133937,0.1286392517,0.4220044731,0.002971525347,0.00704145462,0.4219830105,,,,,,,,
394,Caranx ruber,-0.2043136543,0.1485145658,0.8242467285,0.01515133469,0.018382038,0.8241304934,,,,,,,,
395,Chirocentrus nudus,-1.347015505,0.2686188524,0.2695672291,0.005437131965,0.02016985516,0.2693250342,,,,,,,,
396,Clupanodon thrissa,-0.01457729603,0.5787527438,1.165208538,0.5402021084,0.4636098098,1.144826891,,,,,,,,
397,Clupeonella cultriventris,-0.1052736327,0.1315353323,0.9078983456,0.01438539201,0.01584471662,0.9078651318,,,,,,,,
398,Cynoscion acoupa,-0.9613735147,0.2245720502,0.3921318233,0.007953767841,0.0202834031,0.391874195,,,,,,,,
399,Cynoscion jamaicensis,-0.4194869388,0.1100662077,0.6613780582,0.005331395156,0.008061040262,0.6613286538,,,,,,,,
400,Cynoscion leiarchus,-0.4552111729,0.1957395316,0.6465826861,0.01632869836,0.02525384412,0.6464020156,,,,,,,,
401,Cynoscion virescens,-0.6832895752,0.4622316918,0.5618836344,0.07520266382,0.1338402815,0.5608961223,,,,,,,,
402,Dactylopterus volitans,-0.7995229969,0.8381990735,0.6387550998,0.4157399232,0.650859654,0.6066606424,,,,,,,,
403,Decapterus maruadsi,0.3901610426,0.05808241262,1.47971252,0.00739906358,0.005000338565,1.47970008,,,,,,,,
404,Diplodus annularis,-0.2487333914,0.05795887543,0.7810986882,0.002052964169,0.002628303184,0.7810956921,,,,,,,,
405,Diplodus sargus,NA,NA,NA,NA,NA,0.7810956921,0.54,0.35,0.82,95% CL,FB,https://www.fishbase.se/summary/Diplodus-sargus.html,,
406,Diplodus vulgaris,-0.5421802979,0.06816885111,0.5828317068,0.001582223248,0.002714717181,0.5828247974,,,,,,,,
407,Ethmidium maculatum,-0.01457729603,0.5787527438,1.165208538,0.5402021084,0.4636098098,1.144826891,,,,,,,,
408,Hemiramphus brasiliensis,-0.3081559349,0.1831187801,0.7472244346,0.01904012246,0.02548112934,0.7470359605,,,,,,,,
409,Hilsa kelee,0.05584615428,0.2063948689,1.080199315,0.05077952635,0.04700940432,1.079882833,,,,,,,,
410,Ilisha elongata,-0.1515701284,0.5004569026,0.9740023402,0.2700063393,0.2772132347,0.9632301093,,,,,,,,
411,Isopisthus parvipinnis,-0.7094370522,0.6911113182,0.6246151211,0.2388682954,0.3824247722,0.6149215344,,,,,,,,
412,Konosirus punctatus,-0.243447861,0.1514160749,0.792958456,0.01458252892,0.0183900289,0.7928804939,,,,,,,,
413,Lachnolaimus maximus,-0.6922841919,0.105423933,0.5032203722,0.002830156892,0.005624090455,0.5032111127,,,,,,,,
414,Lampris guttatus,-1.094418098,1.08840849,0.6052573274,0.8313957107,1.373623537,0.5337420837,,,,,,,,
415,Lepidocybium flavobrunneum,-1.182374447,0.7812819229,0.4159568603,0.1455393906,0.3498905883,0.3998980185,,,,,,,,
416,Lethrinus harak,-0.9405593246,0.1638147061,0.3956830782,0.004258346165,0.01076201233,0.3956404596,,,,,,,,
417,Lethrinus lentjan,-0.8544317849,0.1093051471,0.4280745239,0.002202505317,0.005145144582,0.4280762169,,,,,,,,
418,Lethrinus nebulosus,-1.096191923,0.06409643363,0.3348281894,0.0004615345136,0.001378421914,0.3348255041,,,,,,,,
419,Lethrinus obsoletus,-0.8088537104,0.2264123433,0.4569312049,0.01098198655,0.02403422317,0.4566827309,,,,,,,,
420,Liza aurata,-0.7767072362,0.05341359048,0.4605744656,0.0006060701983,0.001315900562,0.4605738583,,,,,,,,
421,Liza saliens,-0.7004066705,0.08212141569,0.4980600101,0.001678577701,0.003370231833,0.4980535967,,,,,,,,
422,Lutjanus analis,-0.9844900335,0.08279609775,0.3749125664,0.0009668724125,0.002578927727,0.3749109019,,,,,,,,
423,Lutjanus argentimaculatus,-1.075772839,0.1685613994,0.3459135583,0.003448544439,0.009969382109,0.345852673,,,,,,,,
424,Lutjanus argentiventris,-1.187809536,0.2221840578,0.3125075476,0.004942088806,0.01581430223,0.3123654015,,,,,,,,
425,Lutjanus bohar,-0.9159580264,0.1182948565,0.4029425875,0.002288022528,0.005678284198,0.4029386636,,,,,,,,
426,Lutjanus buccanella,-0.6576652777,0.1243690127,0.5220815631,0.004248779318,0.008138152384,0.5220366757,,,,,,,,
427,Lutjanus cyanopterus,-0.985677841,0.2062503715,0.3812087197,0.006315171505,0.016566178,0.3811005086,,,,,,,,
428,Merluccius albidus,-1.031643248,0.2221909734,0.3653283162,0.006754355296,0.0184884527,0.3651673555,,,,,,,,
429,Microstomus kitt,-2.121603005,0.1420899417,0.1210552497,0.0002988721235,0.002468890233,0.121050119,,,,,,,,
430,Molva dypterygia,-2.123127203,0.2114113235,0.1223609704,0.000684358718,0.005592949414,0.1223396421,,,,,,,,
431,Monotaxis grandoculis,-0.8980815525,0.7783826551,0.5514843744,0.2533029865,0.4593112666,0.5364482879,,,,,,,,
432,Mora moro,-1.953925859,0.2568021473,0.1464674313,0.001462441192,0.009984753469,0.1463244657,,,,,,,,
433,Naso unicornis,-1.104273272,0.1875721544,0.3373340427,0.004074923259,0.01207978663,0.3372709666,,,,,,,,
434,Nematalosa nasus,0.1000189446,0.1845806588,1.124180083,0.04379891699,0.03896076587,1.123810384,,,,,,,,
435,Opisthonema libertate,-0.3612376349,0.1106771426,0.7010942712,0.006058029141,0.00864081963,0.7010704312,,,,,,,,
436,Opisthonema oglinum,0.02258180829,0.0896690824,1.026959074,0.008514102545,0.008290595757,1.026935456,,,,,,,,
437,Osmerus eperlanus,-2.370330079,0.152843856,0.09454782792,0.0002112913844,0.00223475662,0.09454524872,,,,,,,,
438,Pagrus pagrus,-0.9343776898,0.06552476165,0.3936744648,0.0006668344762,0.001693872821,0.393672998,,,,,,,,
439,Parastromateus niger,0.0574136642,0.1416382342,1.069770735,0.02319027994,0.02167780365,1.069644721,,,,,,,,
440,Phycis phycis,-0.6797840427,0.1471336695,0.5122410908,0.005742252858,0.01121005902,0.5121718317,,,,,,,,
441,Platichthys flesus,-1.081548982,0.07969131662,0.3401482834,0.0007371202451,0.002167055608,0.3401450349,,,,,,,,
442,Sardinella brasiliensis,-0.2420171777,0.08976922318,0.7882122118,0.00502680816,0.00637748069,0.7881956727,,,,,,,,
443,Sardinella gibbosa,0.2085044172,0.06413581892,1.234370494,0.006280379295,0.005087920786,1.234365858,,,,,,,,
444,Sardinella maderensis,-0.2121239406,0.07069447906,0.8108882024,0.003294417617,0.004062727275,0.8108815108,,,,,,,,
445,Sardinella zunasi,-0.07455299419,0.1486625803,0.9384715734,0.01968128691,0.02097163885,0.9383430643,,,,,,,,
446,Saurida undosquamis,-0.5229844365,0.05159092862,0.5935382466,0.0009389061884,0.001581879843,0.5935360993,,,,,,,,
447,Sciaenops ocellatus,-1.062159563,0.09386218706,0.3472346481,0.001066944778,0.003072691,0.3472275604,,,,,,,,
448,Scomberoides lysan,-0.1727099023,0.2123670075,0.8605702489,0.03416463943,0.03970000063,0.8603858321,,,,,,,,
449,Scomberoides tol,-0.2299872889,0.5230710312,0.9110243647,0.2611844362,0.2866931406,0.9016706161,,,,,,,,
450,Seriolina nigrofasciata,-0.272585812,0.6402761276,0.934625792,0.4426570156,0.4736195164,0.9152854128,,,,,,,,
451,Serranus cabrilla,-0.6739478102,0.0723671564,0.5110288116,0.001371233723,0.002683280653,0.5110208978,,,,,,,,
452,Sphyraena barracuda,-1.274417034,0.1494120422,0.2827322183,0.001804589427,0.006382680539,0.2826857966,,,,,,,,
453,Sphyraena sphyraena,-0.7389236535,0.2161659035,0.4889183364,0.01143492543,0.02338821145,0.4886882888,,,,,,,,
454,Spondyliosoma cantharus,-0.9403119954,0.1521657638,0.3950532213,0.003655802583,0.009253949559,0.3949668123,,,,,,,,
455,Sprattus fuegensis,-0.5313374733,0.1383576141,0.5934715164,0.006807212873,0.01147015937,0.5934433573,,,,,,,,
456,Tenualosa ilisha,0.4949404527,0.06689629244,1.644075154,0.01212326367,0.007373910884,1.644064839,,,,,,,,
457,Tenualosa toli,0.6843875923,0.1382000773,2.001580709,0.07725324628,0.03859611852,2.001143149,,,,,,,,
458,Trachinotus blochii,-0.3041359131,0.5160472719,0.8428354635,0.2167576706,0.2571767326,0.8362313573,,,,,,,,
459,Trisopterus luscus,-0.1347570384,0.1228975402,0.8805530212,0.01179998029,0.0134006471,0.8804908819,,,,,,,,
460,Umbrina cirrosa,-0.8486835817,0.1686961067,0.4341112708,0.0054400959,0.01253157028,0.4339803674,,,,,,,,
461,Lethrinus mahsena,-1.135884394,0.08871450408,0.3224041932,0.0008212979679,0.002547417141,0.3224006412,,,,,,,,
462,Alopias superciliosus,-2.592719243,0.2604476737,0.07739734915,0.0004204420505,0.005432253884,0.07735083963,,,,,,,,
463,Alopias vulpinus,-3.076272857,0.2241056167,0.04730396346,0.0001152529482,0.002436433224,0.0472911439,,,,,,,,
464,Antimora rostrata,-2.162615367,0.1952731608,0.11723796,0.0005342297903,0.004556798757,0.1172067011,,,,,,,,
465,Argentina silus,-2.618790086,0.118017621,0.07340039175,7.56E-05,0.001029485091,0.07339621946,,,,,,,,
466,Dasyatis pastinaca,-0.6475225052,0.1153373446,0.5268332713,0.003716876517,0.007055128671,0.5268227146,,,,,,,,
467,Ginglymostoma cirratum,-2.688912109,0.3474684532,0.07218341665,0.0006686309881,0.009262944582,0.07203416874,,,,,,,,
468,Gymnura altavela,-1.714727275,1.098242871,0.3290128167,0.2533639134,0.7700730809,0.29779591,,,,,,,,
469,Pseudophycis bachus,-1.623086049,0.2051021286,0.2014825287,0.001744142039,0.008656542336,0.2014436126,,,,,,,,
470,Atractoscion nobilis,-1.244485459,0.2415368358,0.2966164356,0.005285512882,0.0178193527,0.296408017,,,,,,,,
471,Caulolatilus princeps,-1.181804641,0.5690834409,0.3606394187,0.04974151106,0.1379258852,0.3574124057,,,,,,,,
472,Citharichthys sordidus,-0.06833953935,0.1816432157,0.9494784829,0.03024077584,0.0318498801,0.9492618373,,,,,,,,
473,Hyperoglyphe bythites,-1.436884329,0.641103227,0.2918901765,0.04331097222,0.1483810546,0.2879356375,,,,,,,,
474,Malacanthus plumieri,-1.211619982,0.7738458309,0.4016391233,0.1322777231,0.3293447163,0.3870825874,,,,,,,,
475,Paralichthys californicus,-0.3820882596,0.1069114349,0.6863461188,0.005415256719,0.007889979372,0.6863377597,,,,,,,,
476,Rachycentron canadum,-0.814283594,0.06472125548,0.4438852599,0.0008270756342,0.001863264471,0.4438827852,,,,,,,,
477,Semicossyphus pulcher,-0.5860073333,0.6927045944,0.7074505784,0.3082071306,0.4356588857,0.692886616,,,,,,,,
478,Taractichthys steindachneri,-1.098565411,0.8286162488,0.4698870336,0.2179142584,0.4637588246,0.4495578173,,,,,,,,
479,Tautogolabrus adspersus,-0.6212439761,0.134252227,0.5421393833,0.005345453779,0.009859925222,0.5421142643,,,,,,,,
480,Trachipterus arcticus,-1.98662561,0.2714550972,0.142305137,0.001548590276,0.01088218113,0.1422262282,,,,,,,,
481,Myliobatis aquila,-1.669737049,0.6816878784,0.2375474546,0.03337955267,0.1405174083,0.2322220946,,,,,,,,
482,Carangoides malabaricus,0.1498799245,0.1084290934,1.1685438,0.01614868329,0.01381949336,1.168499641,,,,,,,,
483,Epinephelus fuscoguttatus,-1.326464411,0.1769392187,0.2696014107,0.002311578264,0.008574058489,0.2695513583,,,,,,,,
484,Epinephelus tauvina,-1.686149338,0.140795396,0.1870764978,0.0007006918477,0.003745483028,0.1870500727,,,,,,,,
485,Gnathanodon speciosus,-0.3580070473,0.1409748427,0.7060493846,0.0100063596,0.01417232254,0.7059861699,,,,,,,,
486,Diagramma pictum,-0.668849754,0.1049659583,0.5151275043,0.002939822578,0.005706980416,0.5151114084,,,,,,,,
487,Acanthopagrus bifasciatus,-0.726240077,0.110891978,0.4867076902,0.002930958571,0.006022009986,0.486682481,,,,,,,,
488,Sillago sihama,-0.3519515353,0.163967372,0.7128324453,0.01384652959,0.01942466239,0.7127517602,,,,,,,,
489,Megalops atlanticus,-1.908750157,0.1472543754,0.1498818096,0.0004924377844,0.003285507331,0.1498578189,,,,,,,,
490,Nemipterus japonicus,0.2320470561,0.0325691248,1.261848147,0.001689883341,0.001339212919,1.261846961,,,,,,,,
491,Miichthys miiuy,-0.5926583161,0.1824863269,0.5621381244,0.01070035248,0.01903509478,0.5620103978,,,,,,,,
492,Xyrichtys novacula,-0.4406047764,0.1511862247,0.6510452445,0.00979985466,0.01505249404,0.650916251,,,,,,,,
493,Lateolabrax japonicus,-1.283225189,0.1524132006,0.2803797632,0.001847534443,0.006589400112,0.280356073,,,,,,,,
494,Galeorhinus galeus,-3.156494559,0.1559929601,0.04309588951,4.57E-05,0.001061550308,0.04308852066,,,,,,,,
495,Pomadasys jubelini,-0.3014551859,0.191347141,0.7534080328,0.02116797314,0.02809629341,0.7532375986,,,,,,,,
496,Acanthurus sohal,-0.7631831709,0.5079399,0.5303693121,0.0827961105,0.1561102964,0.525771564,,,,,,,,
497,Otolithes ruber,-0.1492622295,0.09740081672,0.865438668,0.007139363184,0.008249415525,0.8654053502,,,,,,,,
498,Plectropomus leopardus,-1.34992319,0.148560856,0.2621369961,0.001533439861,0.005849765138,0.26212259,,,,,,,,
499,Spicara maena,-0.4182062905,0.08664086035,0.6607016047,0.003289177428,0.004978310034,0.6606905274,,,,,,,,
500,Epinephelus goreensis,-1.377334286,0.5064089475,0.2867601077,0.02403903668,0.0838297798,0.2847149389,,,,,,,,
501,Mustelus mustelus,-2.05076923,0.2234297557,0.1318871295,0.0008903732916,0.006751024874,0.1318179015,,,,,,,,
502,Pontinus kuhlii,-1.272268149,0.1062076445,0.2817801514,0.0009007081395,0.003196492497,0.2817640825,,,,,,,,
503,Promethichthys prometheus,-1.285302524,0.2071821782,0.2825667998,0.003501880512,0.01239310674,0.2824186265,,,,,,,,
504,Epinephelus morrhua,-1.332502362,0.2314926065,0.2709806267,0.004042400756,0.0149176744,0.2708576353,,,,,,,,
505,Variola louti,-1.009135294,0.2385214532,0.375052579,0.008234776585,0.02195632572,0.374900974,,,,,,,,
506,Alosa fallax,-0.2171723501,0.0587439309,0.8061810569,0.002246677546,0.002786815104,0.8061785242,,,,,,,,
507,Epinephelus areolatus,-1.14990927,0.1918881561,0.3225494767,0.003902196625,0.01209797847,0.322478188,,,,,,,,
508,Rhynchobatus djiddensis,-2.075520958,0.9898009646,0.2048109371,0.06978695102,0.3407384001,0.1902414832,,,,,,,,
509,Chelidonichthys capensis,-1.291023849,0.1298980805,0.2773189218,0.001308680591,0.004719045432,0.2772797599,,,,,,,,
510,Epinephelus chlorostigma,-1.163273848,0.1266882405,0.314979131,0.001605188445,0.00509617396,0.3149600677,,,,,,,,
511,Acanthopagrus berda,-0.6109569674,0.1343023584,0.5477488469,0.005460756619,0.009969453428,0.5477032851,,,,,,,,
512,Cymatoceps nasutus,-1.679788706,0.1752084031,0.1892966887,0.001117066253,0.005901139955,0.1892752474,,,,,,,,
513,Bolbometopon muricatum,-1.458112157,0.1880845453,0.2368272614,0.002019640221,0.008527904302,0.23679692,,,,,,,,
514,Mulloidichthys flavolineatus,-0.2309562598,0.1071247755,0.798341841,0.007356173019,0.009214314772,0.7983086076,,,,,,,,
515,Gerres oyena,0.4534239515,0.1614589727,1.594337758,0.06713641427,0.04210927949,1.593884576,,,,,,,,
516,Pomadasys kaakan,-0.4734778156,0.1147572867,0.6269470459,0.005210567958,0.008311017639,0.6269194586,,,,,,,,
517,Acanthopagrus latus,-0.8911061081,0.2031697153,0.4187558853,0.0073898226,0.01764708953,0.4186607195,,,,,,,,
518,Chirocentrus dorab,-1.141202785,0.6757875374,0.4013752968,0.09325194819,0.2323310601,0.3929064977,,,,,,,,
519,Pagrus auratus,-1.553192179,0.1158092497,0.212995064,0.0006125494587,0.0028758857,0.2129833705,,,,,,,,
520,Aethaloperca rogaa,-1.232169708,0.7717157194,0.3928226144,0.1256110427,0.3197653039,0.380177945,,,,,,,,
521,Cephalopholis boenak,-0.7676225643,0.2341960139,0.477019133,0.01282906699,0.02689423988,0.4767944289,,,,,,,,
522,Cephalopholis hemistiktos,-1.025097983,0.2380542812,0.3690721733,0.007942155914,0.02151924878,0.3689537488,,,,,,,,
523,Cephalopholis miniata,-0.9273092462,0.5211711668,0.4531647407,0.06408975417,0.1414270538,0.4492309447,,,,,,,,
524,Cromileptes altivelis,-1.91527218,0.2426427247,0.151702421,0.001395619232,0.00919971628,0.1516315794,,,,,,,,
525,Epinephelus marginatus,-2.215849784,0.1360403689,0.1100746736,0.0002263264713,0.002056117578,0.1100639902,,,,,,,,
526,Saurida tumbil,-0.7441002257,0.06087958761,0.4760430139,0.0008414743119,0.001767643443,0.4760408303,,,,,,,,
527,Sargocentron spiniferum,-0.0379809734,0.5060343398,1.094233812,0.3494388747,0.3193457111,1.076277889,,,,,,,,
528,Bathyraja eatonii,-2.35837935,0.6416095611,0.1161877415,0.006875685391,0.05917737366,0.1146482599,,,,,,,,
529,Macrourus carinatus,-2.303120462,0.7346645868,0.1309087931,0.01226241136,0.09367141101,0.1266258634,,,,,,,,
530,Macrourus whitsoni,-2.303120462,0.7346645868,0.1309087931,0.01226241136,0.09367141101,0.1266258634,,,,,,,,
531,Epinephelus multinotatus,-1.328040912,0.2432390858,0.2729522832,0.004540995813,0.01663659215,0.2728177694,,,,,,,,
532,Epinephelus summana,-1.377334286,0.5064089475,0.2867601077,0.02403903668,0.0838297798,0.2847149389,,,,,,,,
533,Micropogonias furnieri,-0.6155339654,0.05953000154,0.5413105935,0.001040242513,0.001921710982,0.5413080595,,,,,,,,
534,Plectorhinchus sordidus,-0.6142941372,0.1779912938,0.5496609272,0.009724893061,0.01769253112,0.5494652825,,,,,,,,
535,Plectorhinchus gaterinus,-0.9332071482,0.506470765,0.4471099103,0.05845590418,0.1307416875,0.444400355,,,,,,,,
536,Plectorhinchus schotaf,-0.9332071482,0.506470765,0.4471099103,0.05845590418,0.1307416875,0.444400355,,,,,,,,
537,Pomadasys stridens,-0.3444169458,0.4350545863,0.7789715934,0.1264383467,0.1623144513,0.775495073,,,,,,,,
538,Pomacanthus maculosus,-1.611737324,0.222619604,0.2045469839,0.002125783945,0.0103926438,0.2044849895,,,,,,,,
539,Crenidens crenidens,-0.879994552,0.6695067447,0.5189877956,0.1523308267,0.2935152388,0.5126352515,,,,,,,,
540,Pelates quadrilineatus,-0.428216719,0.6672469601,0.8141525961,0.3717438543,0.456602185,0.7991038037,,,,,,,,
541,Rhabdosargus haffara,-0.7149161699,0.5224214064,0.5607645789,0.09867675462,0.1759682375,0.5549109362,,,,,,,,
542,Odontesthes regia,-0.4680564885,0.2468448452,0.6455902272,0.02618547763,0.04056052358,0.6452561023,,,,,,,,
543,Plectorhinchus pictus,-1.26165233,0.1946781052,0.2886031991,0.003217305346,0.0111478506,0.2885317351,,,,,,,,
544,Callorhinchus callorynchus,-2.021182955,0.6778303763,0.1667172616,0.01621009694,0.09723106524,0.1644231699,,,,,,,,
545,Cephalopholis fulva,-0.8453516413,0.154850785,0.4345856379,0.004583475237,0.01054677108,0.4345203111,,,,,,,,
546,Patagonotothen ramsayi,-0.7695473732,0.1873086502,0.4714203557,0.007935478404,0.01683312633,0.4712111669,,,,,,,,
547,Tragulichthys jaculiferus,-0.668208041,0.9743432755,0.8240404736,1.075614576,1.305293381,0.7504907589,,,,,,,,
548,Paristiopterus labiosus,-0.8925287622,0.8049028716,0.5663208742,0.2923236305,0.5161802147,0.5420508226,,,,,,,,
549,Prolatilus jugularis,-0.7365071582,0.7554564925,0.636895363,0.3121492286,0.4901106944,0.6161513562,,,,,,,,
550,Sparisoma cretense,-0.7353827499,0.1613140133,0.4855992205,0.006216745075,0.01280221387,0.4855754463,,,,,,,,
551,Hydrolagus novaezealandiae,-1.929267295,0.7454913925,0.1917834157,0.02733778737,0.1425451063,0.1853606181,,,,,,,,
552,Cynoponticus coniceps,-1.432125018,1.03792638,0.4092293866,0.3243389097,0.7925601638,0.3794997824,,,,,,,,
553,Centroberyx affinis,-1.155789005,0.2169670924,0.3223067185,0.005007128072,0.01553528917,0.3221268913,,,,,,,,
554,Centriscops humerosus,-0.4433715919,0.7733987327,0.8656290664,0.613495326,0.7087277332,0.8254789092,,,,,,,,
555,Lepidoperca pulchella,-1.232169708,0.7717157194,0.3928226144,0.1256110427,0.3197653039,0.380177945,,,,,,,,
556,Caprodon longimanus,-1.232169708,0.7717157194,0.3928226144,0.1256110427,0.3197653039,0.380177945,,,,,,,,
557,Allothunnus fallai,-0.804636809,0.7589352035,0.5965182234,0.2771511498,0.4646147242,0.576495768,,,,,,,,
558,Ammodytes personatus,-1.108643246,0.2887429844,0.3440538855,0.01029214038,0.02991432684,0.3434917558,,,,,,,,
559,Aphanopus carbo,-1.0796124,0.1926305859,0.3460890631,0.004528024212,0.01308340741,0.3459826956,,,,,,,,
560,Aphareus rutilans,-1.181467057,0.1865810823,0.3122157554,0.003453235639,0.01106041441,0.3121146691,,,,,,,,
561,Aprion virescens,-0.5364934438,0.1121778072,0.5884863697,0.0043855304,0.00745222086,0.5884756055,,,,,,,,
562,Apsilus fuscus,-0.6932981956,0.5791217174,0.5911962728,0.1392720134,0.2355766093,0.5834082922,,,,,,,,
563,Argentina sphyraena,-1.530427141,0.31848029,0.2277031908,0.005534962495,0.02430779506,0.2272470189,,,,,,,,
564,Atheresthes evermanni,-1.780233035,0.2066219971,0.1722365063,0.001293919023,0.007512455115,0.1722079616,,,,,,,,
565,Caulolatilus microps,-1.086982732,0.2205258772,0.3455330779,0.005949786763,0.0172191525,0.3454543566,,,,,,,,
566,Champsocephalus gunnari,-1.204558353,0.1354063229,0.3025856452,0.001694189481,0.005599041159,0.3025624174,,,,,,,,
567,Channichthys rhinoceratus,-1.472823841,0.2938785333,0.2393947191,0.005169560898,0.02159429798,0.2391945634,,,,,,,,
568,Coryphaenoides rupestris,-2.641252235,0.1412876581,0.07198689906,0.0001044858148,0.001451455975,0.07198292408,,,,,,,,
569,Cyclopterus lumpus,-1.969909169,0.2606343074,0.1442879898,0.001463382619,0.01014209583,0.1441519682,,,,,,,,
570,Dentex angolensis,-0.7882816239,0.1311408781,0.4585515054,0.003647474437,0.007954339684,0.4585311977,,,,,,,,
571,Drepane africana,-0.7490920196,0.1451906656,0.4778053462,0.004863679835,0.01017920765,0.4777717649,,,,,,,,
572,Elops saurus,-0.5708761355,0.1739209859,0.5736407895,0.01010575963,0.0176168777,0.5735835392,,,,,,,,
573,Encrasicholina punctifer,0.4858370701,0.07444718829,1.630046044,0.01476727673,0.009059423067,1.630014511,,,,,,,,
574,Euthynnus lineatus,-0.8173950048,0.5585747405,0.5161323086,0.09754297528,0.1889883149,0.5108624914,,,,,,,,
575,Gadus ogac,-1.13563868,0.6001233919,0.3845949266,0.064126563,0.1667379327,0.3803850447,,,,,,,,
576,Galeus melastomus,-2.210794004,1.040566956,0.1883592551,0.06928649362,0.3678422575,0.1733752398,,,,,,,,
577,Gasterochisma melampus,-0.804636809,0.7589352035,0.5965182234,0.2771511498,0.4646147242,0.576495768,,,,,,,,
578,Joturus pichardi,-0.6645787174,0.6521868884,0.6364147225,0.2147121386,0.3373777051,0.6290844294,,,,,,,,
579,Labrus bergylta,-1.578688613,0.1278688183,0.2079384002,0.0007127775121,0.003427830124,0.2079316671,,,,,,,,
580,Leiostomus xanthurus,-0.2786189531,0.1588058709,0.7664319991,0.01500265685,0.01957467443,0.7663506931,,,,,,,,
581,Lophius piscatorius,-0.9338083978,0.07013729183,0.3940219038,0.0007656095687,0.001943063473,0.3940157442,,,,,,,,
582,Macrourus berglax,-2.460584527,0.2338590766,0.08775209932,0.0004328659364,0.004932827132,0.08772659268,,,,,,,,
583,Merluccius senegalensis,-1.642400317,0.1694743685,0.1963140637,0.001122955664,0.005720199779,0.196296302,,,,,,,,
584,Pleurogrammus azonus,-2.203081008,0.8574143467,0.1595335032,0.0276349948,0.1732237696,0.1543994989,,,,,,,,
585,Priacanthus macracanthus,-0.1065739482,0.06394988385,0.9007485363,0.003324872497,0.00369123275,0.9007499568,,,,,,,,
586,Pseudupeneus prayensis,-0.1297941826,0.2067310047,0.8972458911,0.03515180366,0.03917744735,0.8968939239,,,,,,,,
587,Salmo salar,-0.3171804785,0.06261375801,0.7296281653,0.002091193989,0.002866109189,0.7296255257,,,,,,,,
588,Scomberomorus brasiliensis,-0.7133306446,0.1368799105,0.4946214336,0.004627006777,0.009354642689,0.4945810419,,,,,,,,
589,Scomberomorus sierra,-0.5730875611,0.4558652127,0.6255143454,0.09037632825,0.1444832224,0.6228631849,,,,,,,,
590,Seriola lalandi,-0.8464895725,0.1605883256,0.4344843874,0.004931604614,0.01135047601,0.4344298535,,,,,,,,
591,Squatina californica,-2.621993883,0.2795637379,0.07555337329,0.0004640355558,0.006141824456,0.07547656954,,,,,,,,
592,Tetrapturus pfluegeri,-1.028929099,0.7939472136,0.48980251,0.2107031482,0.430179805,0.4723564938,,,,,,,,
593,Umbrina canosai,-0.3922967979,0.1217059432,0.6805250615,0.006910862437,0.01015519167,0.680500075,,,,,,,,
594,Acipenser transmontanus,-2.463843544,0.1700220687,0.08634625958,0.0002186703785,0.002532482352,0.08632561667,,,,,,,,
595,Anarhichas denticulatus,-2.324466768,0.2390286774,0.1006708078,0.0005958992482,0.005919285452,0.1006135869,,,,,,,,
596,Anarhichas lupus,-2.266277896,0.1546782964,0.1049453849,0.0002666804243,0.002541135321,0.1049383084,,,,,,,,
597,Atherina boyeri,-0.2119499255,0.09398753529,0.8125863471,0.005858671943,0.00720990694,0.812563667,,,,,,,,
598,Beryx decadactylus,-1.849019235,0.1290155387,0.1587068117,0.0004227606975,0.0026637842,0.1587029724,,,,,,,,
599,Caranx melampygus,-0.5891525613,0.1641617693,0.562323474,0.008637370253,0.01536014528,0.5622423984,,,,,,,,
600,Caranx sexfasciatus,-0.3336722915,0.2012805949,0.7309462491,0.02209031336,0.03022152914,0.7306253136,,,,,,,,
601,Chimaera monstrosa,-2.174479882,0.2012567531,0.1159927323,0.0005561443907,0.004794648591,0.1159685297,,,,,,,,
602,Chloroscombrus orqueta,-0.2679443888,0.537147577,0.8836620118,0.2611667887,0.2955505444,0.8734274043,,,,,,,,
603,Cynoscion arenarius,-0.2489894929,0.161334918,0.7898004068,0.01644961838,0.02082756382,0.7897215405,,,,,,,,
604,Dasyatis americana,-0.7261589657,0.4709271219,0.5404934347,0.0725329162,0.1341975897,0.5379939918,,,,,,,,
605,Decapterus macrosoma,0.2915380734,0.04387341542,1.339773422,0.003458467139,0.002581382107,1.339770608,,,,,,,,
606,Dussumieria acuta,-0.1197590866,0.1535016046,0.8976476,0.0192116302,0.02140219637,0.8975237385,,,,,,,,
607,Dussumieria elopsoides,-0.2643831483,0.2239668175,0.7871766619,0.03187496079,0.04049276653,0.7868963089,,,,,,,,
608,Engraulis mordax,-0.7950372481,0.06163842516,0.4524230433,0.0007791440696,0.001722158235,0.4524226511,,,,,,,,
609,Etrumeus whiteheadi,-0.8999276936,0.2882741444,0.4238495581,0.01556700909,0.03672767565,0.4228848968,,,,,,,,
610,Gadiculus argenteus,-0.103138319,0.1821265468,0.9170866856,0.02836546999,0.03092997689,0.9167679177,,,,,,,,
611,Gasterosteus aculeatus,-0.007202595335,0.09831220481,0.9976328556,0.009666223677,0.009689159316,0.9975826291,,,,,,,,
612,Hemiramphus balao,-0.2537204864,0.5218750732,0.8891016657,0.2474675313,0.2783343467,0.8791733062,,,,,,,,
613,Lethrinus atlanticus,-0.9684614383,0.4970339055,0.4295830952,0.05171480044,0.1203836953,0.4270248928,,,,,,,,
614,Lethrinus borbonicus,-0.4660308455,0.1664984072,0.6362460078,0.01137899504,0.0178845838,0.636112756,,,,,,,,
615,Lethrinus microdon,-0.9174690966,0.1612673149,0.4047581611,0.004316617408,0.01066468282,0.4047172513,,,,,,,,
616,Lethrinus xanthochilus,-1.17089157,0.144720381,0.3133546774,0.002078201362,0.006632105763,0.3133221436,,,,,,,,
617,Lophius gastrophysus,-0.9766336333,0.4914946644,0.4249217984,0.04933631345,0.1161068075,0.4235586181,,,,,,,,
618,Muraena helena,-1.681837858,0.1899325678,0.1894176965,0.001317944074,0.006957871933,0.1893712809,,,,,,,,
619,Mycteroperca phenax,-1.553175265,0.1940361892,0.2155957303,0.001783392921,0.008271930612,0.2155466427,,,,,,,,
620,Pellona ditchela,-0.2761781137,0.1187294793,0.7640440999,0.008287406321,0.01084676437,0.7639885775,,,,,,,,
621,Petromyzon marinus,-1.269674564,0.2741526851,0.2916809483,0.006640856123,0.02276753474,0.2914015938,,,,,,,,
622,Ruvettus pretiosus,-1.182374447,0.7812819229,0.4159568603,0.1455393906,0.3498905883,0.3998980185,,,,,,,,
623,Sardinella lemuru,0.1775878437,0.0647041385,1.196835699,0.006009559221,0.005021206525,1.19682865,,,,,,,,
624,Sardinella longiceps,0.06459183277,0.06813886166,1.069202758,0.005320083794,0.004975748288,1.0691937,,,,,,,,
625,Scomberoides commersonnianus,-0.2299872889,0.5230710312,0.9110243647,0.2611844362,0.2866931406,0.9016706161,,,,,,,,
626,Selene peruviana,-0.253298328,0.5065105979,0.8824776334,0.2277637738,0.2580958034,0.8741600651,,,,,,,,
627,Stereolepis gigas,-1.690096809,0.9072588416,0.2784442256,0.09905319948,0.3557380271,0.2632824049,,,,,,,,
628,Stromateus fiatola,-0.4546825559,0.7468547094,0.8387969824,0.5254417093,0.6264229847,0.8043932948,,,,,,,,
629,Tetrapturus angustirostris,-1.028929099,0.7939472136,0.48980251,0.2107031482,0.430179805,0.4723564938,,,,,,,,
630,Tetrapturus belone,-1.028929099,0.7939472136,0.48980251,0.2107031482,0.430179805,0.4723564938,,,,,,,,
631,Trachinotus mookalee,-0.3041359131,0.5160472719,0.8428354635,0.2167576706,0.2571767326,0.8362313573,,,,,,,,
632,Trachinus draco,-0.9013564802,0.9376625553,0.6301792688,0.5595497806,0.8879215937,0.5854354543,,,,,,,,
633,Trichiurus lepturus,-0.5401712548,0.046548025,0.5832800222,0.000737950622,0.001265173834,0.5832786823,,,,,,,,
634,Uranoscopus scaber,-0.4492157286,0.1431031153,0.6446959441,0.00859928794,0.0133385172,0.6446728783,,,,,,,,
635,Zeus faber,-1.550416506,0.1154324329,0.2135777845,0.0006118774894,0.002864892951,0.2135712682,,,,,,,,
636,Psettichthys melanostictus,-1.471066487,0.7577456669,0.3060590447,0.07265878092,0.2374011883,0.2994496786,,,,,,,,
637,Normanichthys crockeri,-1.345530667,1.065708093,0.4594781927,0.4461935217,0.971087483,0.4149820705,,,,,,,,
638,Sphyraena obtusata,-0.3927451703,0.1325385832,0.6811573568,0.008222419803,0.01207124862,0.6811128883,,,,,,,,
639,Umbrina canariensis,-1.003442071,0.2556737413,0.3787959761,0.009692928302,0.02558878371,0.378508375,,,,,,,,
640,Dentex congoensis,-0.6058500126,0.1673795002,0.5533071183,0.008698308885,0.01572058012,0.5532107543,,,,,,,,
641,Callorhinchus milii,-2.177463213,0.1425034246,0.114485214,0.000268884968,0.002348643625,0.1144767806,,,,,,,,
642,Sphyraena jello,-0.5273649411,0.1585292376,0.5976205958,0.009089469219,0.015209431,0.5975809083,,,,,,,,
643,Epinephelus merra,-0.8542227645,0.1652549248,0.4314653084,0.005153997422,0.01194533447,0.4314092515,,,,,,,,
644,Elops lacerta,-0.681454641,0.5655887699,0.5936239074,0.1328427454,0.2237826742,0.5863865848,,,,,,,,
645,Scarus ghobban,-0.5702611094,0.1619502537,0.5728409546,0.008720455004,0.0152231696,0.5727406782,,,,,,,,
646,Cheilinus undulatus,-1.000382908,0.2284597932,0.3774617767,0.007633936965,0.02022439737,0.377285976,,,,,,,,
647,Gerres oblongus,0.3331927335,0.3727604857,1.495810086,0.3335298155,0.222976044,1.488566118,,,,,,,,
648,Mustelus lenticulatus,-2.315801943,0.2030533712,0.1007425922,0.0004271993071,0.004240503424,0.1007334813,,,,,,,,
649,Mustelus schmitti,-2.113984902,0.6325098415,0.1474965413,0.01070198899,0.07255755894,0.1454651903,,,,,,,,
650,Mustelus asterias,-2.047074754,0.2415291357,0.1329334579,0.001061541091,0.007985507241,0.1328639038,,,,,,,,
651,Mustelus antarcticus,-2.419191232,0.1514565987,0.09002015572,0.0001880384243,0.002088848023,0.0900073232,,,,,,,,
652,Plectropomus areolatus,-1.314288219,0.6003934213,0.3217269456,0.04492324138,0.1396315789,0.3173399645,,,,,,,,
653,Cephalopholis argus,-0.9273092462,0.5211711668,0.4531647407,0.06408975417,0.1414270538,0.4492309447,,,,,,,,
654,Diastobranchus capensis,-1.41821252,0.913848907,0.3676394387,0.1763943743,0.4798026429,0.3446717633,,,,,,,,
655,Epinephelus polylepis,-1.295925961,0.2365541691,0.2814087547,0.004557683687,0.01619595557,0.2812917742,,,,,,,,
656,Plectropomus pessuliferus,-1.314288219,0.6003934213,0.3217269456,0.04492324138,0.1396315789,0.3173399645,,,,,,,,
657,Girella tricuspidata,-1.738572248,0.1474888356,0.1776933851,0.0006943732353,0.003907704471,0.1776784944,,,,,,,,
658,Fistularia corneta,-0.6959633699,1.042529643,0.8585337032,1.448342821,1.686995881,0.7566328235,,,,,,,,
659,Seriolella porosa,-1.163639263,0.2063021658,0.3190654672,0.004426310452,0.0138727343,0.3189899967,,,,,,,,
660,Bregmaceros mcclellandi,-1.490632569,1.04670348,0.3895206175,0.3020781891,0.7755127085,0.3561193662,,,,,,,,
661,Lepidorhynchus denticulatus,-2.108082062,0.8621095209,0.1761418489,0.03421300715,0.1942355401,0.170083457,,,,,,,,
662,Solea senegalensis,-1.996388159,0.2606420182,0.1405178112,0.001387991666,0.009877692048,0.1403892666,,,,,,,,
663,Chelidonichthys lucerna,-1.068271981,0.108878886,0.3456444355,0.001424699317,0.004121863887,0.3456434035,,,,,,,,
664,Gerres nigri,0.3331927335,0.3727604857,1.495810086,0.3335298155,0.222976044,1.488566118,,,,,,,,
665,Lophius vomerinus,-0.8149704184,0.1308348021,0.4464572867,0.003441349398,0.007708126847,0.4464455662,,,,,,,,
666,Cyttus traversi,-1.455633733,1.108933736,0.4313796504,0.4503934301,1.044076673,0.3899603161,,,,,,,,
667,Aplodactylus punctatus,-0.9013564802,0.9376625553,0.6301792688,0.5595497806,0.8879215937,0.5854354543,,,,,,,,
668,Seriolella caerulea,-1.29294169,0.618612157,0.3323385206,0.05149240408,0.15493962,0.3282840151,,,,,,,,
669,Stromateus brasiliensis,-0.4546825559,0.7468547094,0.8387969824,0.5254417093,0.6264229847,0.8043932948,,,,,,,,
670,Scarus persicus,-0.5790193586,0.4484488831,0.6197332359,0.0855533022,0.1380485945,0.6157682226,,,,,,,,
671,Cheilodactylus variegatus,-1.477332127,0.8634754854,0.3313642119,0.1216262316,0.3670469751,0.3184381675,,,,,,,,
672,Genypterus chilensis,-1.78084175,0.6137445146,0.2034163154,0.0189280943,0.09305101344,0.2009950524,,,,,,,,
673,Genypterus maculatus,-1.78084175,0.6137445146,0.2034163154,0.0189280943,0.09305101344,0.2009950524,,,,,,,,
674,Rhinobatos planiceps,-1.752653363,0.6392913605,0.2126076902,0.02282025966,0.1073350622,0.2084233903,,,,,,,,
675,Pennahia anea,0.2694832733,0.08143908566,1.31363675,0.01148305234,0.008741421355,1.313614598,,,,,,,,
676,Rhynchobatus australiae,-2.075520958,0.9898009646,0.2048109371,0.06978695102,0.3407384001,0.1902414832,,,,,,,,
677,Himantura gerrardi,-1.21357398,0.7715914896,0.4001574172,0.130289982,0.3255968187,0.387150032,,,,,,,,
678,Elagatis bipinnulata,-0.1218816414,0.1355903583,0.8934282331,0.0148106894,0.0165773689,0.8933713437,,,,,,,,
679,Pseudotolithus senegallus,-0.9502591372,0.5663415381,0.4538957339,0.07790717248,0.1716411208,0.4494988924,,,,,,,,
680,Coregonus lavaretus,-0.9427868798,0.07098396051,0.3905233492,0.0007703872177,0.001972704627,0.3905208174,,,,,,,,
681,Eptatretus cirrhatus,-2.171551667,0.7340704687,0.14925158,0.01590621981,0.1065732089,0.146521725,,,,,,,,
682,Hoplopagrus guentherii,-0.9230690821,0.6865210638,0.5028750765,0.1522594004,0.3027777823,0.4931900596,,,,,,,,
683,Scomberesox saurus,-0.4900089129,0.2635382119,0.6342686232,0.02893358999,0.04561724944,0.6335042585,,,,,,,,
684,Tylosurus crocodilus,-0.6634344129,0.7766842668,0.6964110612,0.4015845321,0.5766486986,0.6676521696,,,,,,,,
685,Emmelichthys nitidus,NA,NA,NA,NA,NA,0.5735835392,,,,,,,,
686,Plagiogeneion rubiginosum,-0.7867015053,0.2278896032,0.4673229729,0.01164151077,0.02491106033,0.4672805389,,,,,,,,
687,Mullus argentinae,-0.3647221458,0.4737781901,0.7768645571,0.1518777767,0.1955009728,0.7716969786,,,,,,,,
688,Sparus aurata,-0.9718925585,0.09103335652,0.3799373066,0.001201228836,0.003161650132,0.3799328586,,,,,,,,
689,Grammoplites suppositus,-1.224767879,0.8492879998,0.4214210503,0.187733816,0.4454780222,0.4046113738,,,,,,,,
690,Peprilus paru,-0.2340569304,0.5315846603,0.9114069224,0.2712535966,0.2976207334,0.8983813348,,,,,,,,
691,Sparidentex hasta,-0.6871163845,0.1510007497,0.5087921114,0.005970347047,0.01173435459,0.5087478486,,,,,,,,
692,Dicologlossa cuneata,-1.527938541,0.1193536916,0.2185335151,0.0006851802182,0.003135355316,0.2185249604,,,,,,,,
693,Metanephrops mozambicus,NA,NA,NA,NA,NA,0.196296302,,,,,,,,
694,Jasus paulensis,NA,NA,NA,NA,NA,0.08971571552,,,,,,,,
695,Palinurus delagoae,NA,NA,NA,NA,NA,0.393672998,0.22,0.13,0.37,95% CL,SLB,https://www.sealifebase.ca/summary/Palinurus-elephas.html,Palinurus elephas,
696,Palinurus mauritanicus,NA,NA,NA,NA,NA,0.393672998,0.22,0.13,0.37,95% CL,SLB,https://www.sealifebase.ca/summary/Palinurus-elephas.html,Palinurus elephas,
697,Panulirus cygnus,NA,NA,NA,NA,NA,0.6662122095,1.15,0.76,1.73,95% CL,SLB,https://www.sealifebase.ca/summary/Panulirus-cygnus.html,,
698,Panulirus gracilis,NA,NA,NA,NA,NA,0.6662122095,1.0175,0.6725,1.53,average of 95% CL,SLB,,,
699,Panulirus homarus,NA,NA,NA,NA,NA,0.6662122095,1.0175,0.6725,1.53,average of 95% CL,SLB,,,
700,Panulirus longipes,NA,NA,NA,NA,NA,0.6662122095,1.0175,0.6725,1.53,average of 95% CL,SLB,,,
701,Ibacus ciliatus,NA,NA,NA,NA,NA,0.2879356375,,,,,,,,
702,Thenus orientalis,NA,NA,NA,NA,NA,0.4723564938,,,,,,,,
703,Penaeus monodon,NA,NA,NA,NA,NA,0.7639885775,1.19,0.79,1.79,95% CL,SLB,https://www.sealifebase.ca/summary/Penaeus-monodon.html,,
704,Xiphopenaeus kroyeri,NA,NA,NA,NA,NA,0.3155495665,0.88,0.58,1.32,95% CL,SLB,https://www.sealifebase.ca/summary/Xiphopenaeus-kroyeri.html,,
705,Artemesia longinaris,NA,NA,NA,NA,NA,0.2858126665,0.52,0.34,0.78,95% CL,SLB,https://www.sealifebase.ca/summary/Artemesia-longinaris.html,,
706,Metapenaeus endeavouri,NA,NA,NA,NA,NA,0.196296302,0.93,0.62,1.4,95% CL,SLB,https://www.sealifebase.ca/summary/Metapenaeus-endeavouri.html,,
707,Metapenaeus joyneri,NA,NA,NA,NA,NA,0.196296302,1.02,0.68,1.535,average of 95% CL,SLB,,,
708,Metapenaeus monoceros,NA,NA,NA,NA,NA,0.196296302,1.11,0.74,1.67,95% CL,SLB,https://www.sealifebase.ca/summary/Metapenaeus-monoceros.html,,
709,Parapenaeopsis atlantica,NA,NA,NA,NA,NA,0.6149215344,,,,,,,,
710,Acetes erythraeus,NA,NA,NA,NA,NA,0.525771564,1.19,0.79,1.79,95% CL,SLB,https://www.sealifebase.ca/summary/Acetes-japonicus.html,Acetes japonicus,
711,Acetes japonicus,NA,NA,NA,NA,NA,0.525771564,1.19,0.79,1.79,95% CL,SLB,https://www.sealifebase.ca/summary/Acetes-japonicus.html,,
712,Pleoticus robustus,NA,NA,NA,NA,NA,0.3173399645,,,,,,,,
713,Pleoticus muelleri,NA,NA,NA,NA,NA,0.3173399645,1.19,0.79,1.79,95% CL,SLB,https://www.sealifebase.ca/summary/Pleoticus-muelleri.html,,
714,Solenocera agassizii,NA,NA,NA,NA,NA,0.3142423598,,,,,,,,
715,Haliporoides diomedeae,NA,NA,NA,NA,NA,0.578658105,0.96,0.63,1.43,95% CL,SLB,https://www.sealifebase.ca/summary/Haliporoides-sibogae.html,Haliporoides sibogae,
716,Haliporoides triarthrus,NA,NA,NA,NA,NA,0.578658105,0.96,0.63,1.43,95% CL,SLB,https://www.sealifebase.ca/summary/Haliporoides-sibogae.html,Haliporoides sibogae,
717,Sicyonia brevirostris,NA,NA,NA,NA,NA,0.5110208978,0.81,0.51,1.3,95% CL,SLB,https://www.sealifebase.ca/summary/Sicyonia-brevirostris.html,,
718,Sicyonia ingentis,NA,NA,NA,NA,NA,0.5110208978,0.81,0.51,1.3,95% CL,SLB,https://www.sealifebase.ca/summary/Sicyonia-brevirostris.html,Sicyonia brevirostris,
719,Aristeus varidens,NA,NA,NA,NA,NA,0.3384717252,0.48,0.32,0.72,95% CL,SLB,https://www.sealifebase.ca/summary/Aristeus-antennatus.html,Aristeus antennatus,
720,Palaemon serratus,NA,NA,NA,NA,NA,0.393672998,,,,,,,,
721,Nematopalaemon schmitti,NA,NA,NA,NA,NA,1.123810384,1.19,0.79,1.79,95% CL,SLB,https://www.sealifebase.ca/summary/Nematopalaemon-schmitti.html,,
722,Pandalus jordani,NA,NA,NA,NA,NA,0.6662122095,0.54,0.36,0.82,95% CL,SLB,https://www.sealifebase.ca/summary/Pandalus-jordani.html,,
723,Pandalus hypsinotus,NA,NA,NA,NA,NA,0.6662122095,0.56,0.37,0.845,average of 95% CL,SLB,,,
724,Crangon crangon,NA,NA,NA,NA,NA,0.5854354543,,,,,,,,
725,Homarus gammarus,NA,NA,NA,NA,NA,0.1184980221,0.37,0.25,0.56,95% CL,SLB,https://www.sealifebase.ca/summary/Homarus-gammarus.html,,
726,Panulirus argus,NA,NA,NA,NA,NA,0.6662122095,0.55,0.36,0.83,95% CL,SLB,https://www.sealifebase.ca/summary/Panulirus-argus.html,,
727,Palinurus elephas,NA,NA,NA,NA,NA,0.393672998,0.22,0.13,0.37,95% CL,SLB,https://www.sealifebase.ca/summary/Palinurus-elephas.html,,
728,Scyllarides latus,NA,NA,NA,NA,NA,0.1599208438,,,,,,,,
729,Paralithodes brevipes,NA,NA,NA,NA,NA,0.8735506743,,,,,,,,
730,Upogebia pugettensis,NA,NA,NA,NA,NA,0.4339803674,,,,,,,,
731,Lithodes santolla,NA,NA,NA,NA,NA,0.461182212,0.57,0.38,0.85,95% CL,SLB,https://www.sealifebase.ca/summary/Lithodes-antarcticus.html,Lithodes antarcticus,
732,Austromegabalanus psittacus,NA,NA,NA,NA,NA,0.267572094,,,,,,,,
733,Nematopalaemon hastatus,NA,NA,NA,NA,NA,1.123810384,1.19,0.79,1.79,95% CL,SLB,https://www.sealifebase.ca/summary/Nematopalaemon-schmitti.html,Nematopalaemon schmitti,
734,Pandalus kessleri,NA,NA,NA,NA,NA,0.6662122095,0.56,0.37,0.845,average of 95% CL,SLB,,,
735,Panopea abrupta,NA,NA,NA,NA,NA,0.6662122095,0.37,0.24,0.55,95% CL,SLB,https://www.sealifebase.ca/summary/Panopea-abrupta.html,,
736,Tivela mactroides,NA,NA,NA,NA,NA,0.3487634335,1.18,0.78,1.77,95% CL,SLB,https://www.sealifebase.ca/summary/Tivela-mactroides.html,,
737,Berryteuthis magister,NA,NA,NA,NA,NA,0.4789744173,,,,,,,,
738,Aulacomya ater,NA,NA,NA,NA,NA,1.254602249,,,,,,,,
739,Cervimunida johni,NA,NA,NA,NA,NA,0.6627260318,,,,,,,,
740,Paralomis granulosa,NA,NA,NA,NA,NA,0.8735506743,,,,,,,,
741,Penaeus penicillatus,NA,NA,NA,NA,NA,0.7639885775,1.083333333,0.7166666667,1.626666667,average of 95% CL,SLB,,,
742,Pollicipes pollicipes,NA,NA,NA,NA,NA,0.2927714522,,,,,,,,
743,Pharus legumen,NA,NA,NA,NA,NA,0.2569999436,,,,,,,,
744,Cancer pagurus,NA,NA,NA,NA,NA,0.1144767806,0.46,0.31,0.69,95% CL,SLB,https://www.sealifebase.ca/summary/Cancer-pagurus.html,,
745,Maja squinado,NA,NA,NA,NA,NA,0.09872729955,,,,,,,,
746,Chaceon affinis,NA,NA,NA,NA,NA,0.8274716663,0.42,0.27,0.64,95% CL,SLB,https://www.sealifebase.ca/summary/Chaceon-maritae.html,Chaceon maritae,
747,Geryon longipes,NA,NA,NA,NA,NA,1.593884576,,,,,,,,
748,Callinectes danae,NA,NA,NA,NA,NA,0.2760110469,0.6,0.39,0.9,95% CL,SLB,https://www.sealifebase.ca/summary/Callinectes-sapidus.html,Callinectes sapidus,
749,Carcinus aestuarii,NA,NA,NA,NA,NA,0.1810111919,,,,,,,,
750,Carcinus maenas,NA,NA,NA,NA,NA,0.1810111919,,,,,,,,
751,Necora puber,NA,NA,NA,NA,NA,1.06459507,,,,,,,,
752,Portunus pelagicus,NA,NA,NA,NA,NA,0.2817640825,1.19,0.78,1.78,95% CL,SLB,https://www.sealifebase.ca/summary/Portunus-pelagicus.html,,
753,Cancer borealis,NA,NA,NA,NA,NA,0.1144767806,0.46,0.31,0.69,95% CL,SLB,https://www.sealifebase.ca/summary/Cancer-pagurus.html,Cancer pagurus,
754,Portunus trituberculatus,NA,NA,NA,NA,NA,0.2817640825,1.19,0.79,1.79,95% CL,SLB,https://www.sealifebase.ca/summary/Portunus-trituberculatus.html,,
755,Scylla serrata,NA,NA,NA,NA,NA,0.1599208438,1.17,0.77,1.75,95% CL,SLB,https://www.sealifebase.ca/summary/Scylla-serrata.html,,
756,Chaceon maritae,NA,NA,NA,NA,NA,0.8274716663,0.42,0.27,0.64,95% CL,SLB,https://www.sealifebase.ca/summary/Chaceon-maritae.html,,
757,Chaceon fenneri,NA,NA,NA,NA,NA,0.8274716663,0.42,0.27,0.64,95% CL,SLB,https://www.sealifebase.ca/summary/Chaceon-maritae.html,Chaceon maritae,
758,Menippe mercenaria,NA,NA,NA,NA,NA,0.8829284773,,,,,,,,
759,Cancer productus,NA,NA,NA,NA,NA,0.1144767806,0.46,0.31,0.69,95% CL,SLB,https://www.sealifebase.ca/summary/Cancer-pagurus.html,Cancer pagurus,
760,Erimacrus isenbeckii,NA,NA,NA,NA,NA,0.146521725,,,,,,,,
761,Homalaspis plana,NA,NA,NA,NA,NA,0.1184980221,,,,,,,,
762,Chionoecetes japonicus,NA,NA,NA,NA,NA,0.1159685297,0.58,0.38,0.87,95% CL,SLB,https://www.sealifebase.ca/summary/Chionoecetes-opilio.html,Chionoecetes opilio,
763,Paracentrotus lividus,NA,NA,NA,NA,NA,0.6662122095,,,,,,,,
764,Loxechinus albus,NA,NA,NA,NA,NA,0.1449196987,0.57,0.37,0.85,95% CL,SLB,https://www.sealifebase.ca/summary/Loxechinus-albus.html,,
765,Holothuria nobilis,NA,NA,NA,NA,NA,0.1184980221,,,,,,,,
766,Holothuria fuscogilva,NA,NA,NA,NA,NA,0.1184980221,,,,,,,,
767,Thelenota ananas,NA,NA,NA,NA,NA,0.4723564938,,,,,,,,
768,Limulus polyphemus,NA,NA,NA,NA,NA,0.461182212,,,,,,,,
769,Cerastoderma edule,NA,NA,NA,NA,NA,0.6627260318,0.49,0.33,0.74,95% CL,SLB,https://www.sealifebase.ca/summary/Cerastoderma-edule.html,,
770,Glycymeris glycymeris,NA,NA,NA,NA,NA,0.5183564409,,,,,,,,
771,Haliotis tuberculata,NA,NA,NA,NA,NA,0.578658105,,,,,,,,
772,Littorina littorea,NA,NA,NA,NA,NA,0.5170185698,,,,,,,,
773,Loligo vulgaris,NA,NA,NA,NA,NA,0.4980535967,0.34,0.22,0.51,95% CL,SLB,https://www.sealifebase.ca/summary/Loligo-vulgaris.html,,
774,Spisula solida,NA,NA,NA,NA,NA,0.6606905274,0.47,0.31,0.7,95% CL,SLB,https://www.sealifebase.ca/summary/Spisula-solidissima.html,Spisula solidissima,
775,Mytilus edulis,NA,NA,NA,NA,NA,0.2322220946,0.54,0.36,0.82,95% CL,SLB,https://www.sealifebase.ca/summary/Mytilus-edulis.html,,
776,Mytilus galloprovincialis,NA,NA,NA,NA,NA,0.2322220946,0.5,0.33,0.75,95% CL,SLB,https://www.sealifebase.ca/summary/Mytilus-galloprovincialis.html,,
777,Perna perna,NA,NA,NA,NA,NA,0.2577767832,,,,,,,,
778,Eledone cirrhosa,NA,NA,NA,NA,NA,0.8933713437,0.54,0.36,0.82,95% CL,SLB,https://www.sealifebase.ca/summary/Eledone-cirrhosa.html,,
779,Illex coindetii,NA,NA,NA,NA,NA,0.9632301093,0.52,0.34,0.78,95% CL,SLB,https://www.sealifebase.ca/summary/Illex-coindetii.html,,
780,Todarodes sagittatus,NA,NA,NA,NA,NA,0.3487634335,0.38,0.25,0.57,95% CL,SLB,https://www.sealifebase.ca/summary/Todarodes-sagittatus.html,,
781,Crassostrea gigas,NA,NA,NA,NA,NA,0.5854354543,0.57,0.37,0.85,95% CL,SLB,https://www.sealifebase.ca/summary/Crassostrea-gigas.html,,
782,Crassostrea virginica,NA,NA,NA,NA,NA,0.5854354543,0.57,0.37,0.85,95% CL,SLB,https://www.sealifebase.ca/summary/Crassostrea-virginica.html,,
783,Ostrea edulis,NA,NA,NA,NA,NA,0.0877339347,,,,,,,,
784,Aequipecten opercularis,NA,NA,NA,NA,NA,0.08632561667,0.56,0.37,0.84,95% CL,SLB,https://www.sealifebase.ca/summary/Aequipecten-opercularis.html,,
785,Chlamys islandica,NA,NA,NA,NA,NA,0.2693250342,,,,,,,,
786,Pecten maximus,NA,NA,NA,NA,NA,0.4712111669,0.57,0.37,0.85,95% CL,SLB,https://www.sealifebase.ca/summary/Pecten-maximus.html,,
787,Ensis directus,NA,NA,NA,NA,NA,0.6489003664,,,,,,,,
788,Sepia officinalis,NA,NA,NA,NA,NA,0.692886616,0.56,0.37,0.84,95% CL,SLB,https://www.sealifebase.ca/summary/Sepia-officinalis.html,,
789,Callista chione,NA,NA,NA,NA,NA,0.2760110469,,,,,,,,
790,Chamelea gallina,NA,NA,NA,NA,NA,0.8274716663,0.5,0.32,0.76,95% CL,SLB,https://www.sealifebase.ca/summary/Chamelea-gallina.html,,
791,Mercenaria mercenaria,NA,NA,NA,NA,NA,0.4976665214,0.43,0.28,0.65,95% CL,SLB,https://www.sealifebase.ca/summary/Mercenaria-mercenaria.html,,
792,Argopecten irradians,NA,NA,NA,NA,NA,0.2272470189,1.01,0.66,1.51,95% CL,SLB,https://www.sealifebase.ca/summary/Argopecten-gibbus.html,Argopecten gibbus,
793,Sepia pharaonis,NA,NA,NA,NA,NA,0.692886616,,,,,,,,
794,Sepioteuthis lessoniana,NA,NA,NA,NA,NA,0.692886616,,,,,,,,
795,Octopus maya,NA,NA,NA,NA,NA,0.4308683306,0.65,0.43,0.975,average of 95% CL,SLB,,,
796,Illex argentinus,NA,NA,NA,NA,NA,0.9632301093,1,0.66,1.49,95% CL,SLB,https://www.sealifebase.ca/summary/Illex-argentinus.html,,
797,Todarodes pacificus,NA,NA,NA,NA,NA,0.3487634335,1.12,0.74,1.68,95% CL,SLB,https://www.sealifebase.ca/summary/Todarodes-pacificus.html,,
798,Dosidicus gigas,NA,NA,NA,NA,NA,0.1043144503,1.19,0.79,1.79,95% CL,SLB,https://www.sealifebase.ca/summary/Dosidicus-gigas.html,,
799,Nototodarus sloanii,NA,NA,NA,NA,NA,0.4149820705,,,,,,,,
800,Ruditapes philippinarum,NA,NA,NA,NA,NA,0.1902414832,1.19,0.79,1.79,95% CL,SLB,https://www.sealifebase.ca/summary/Ruditapes-philippinarum.html,,
801,Perna viridis,NA,NA,NA,NA,NA,0.2577767832,,,,,,,,
802,Mesodesma donacium,NA,NA,NA,NA,NA,0.196296302,,,,,,,,
803,Clinocardium nuttallii,NA,NA,NA,NA,NA,0.9492618373,,,,,,,,
804,Zidona dufresnei,NA,NA,NA,NA,NA,0.2135712682,,,,,,,,
805,Patinopecten caurinus,NA,NA,NA,NA,NA,0.4712111669,,,,,,,,
806,Pecten novaezelandiae,NA,NA,NA,NA,NA,0.4712111669,0.51,0.34,0.76,95% CL,SLB,https://www.sealifebase.ca/summary/Pecten-novaezelandiae.html,,
807,Argopecten ventricosus,NA,NA,NA,NA,NA,0.2272470189,1.01,0.66,1.51,95% CL,SLB,https://www.sealifebase.ca/summary/Argopecten-gibbus.html,Argopecten gibbus,
808,Pecten jacobaeus,NA,NA,NA,NA,NA,0.4712111669,0.43,0.25,0.74,95% CL,SLB,https://www.sealifebase.ca/summary/Pecten-jacobaeus.html,,
809,Concholepas concholepas,NA,NA,NA,NA,NA,0.4610988715,,,,,,,,
810,Meretrix lusoria,NA,NA,NA,NA,NA,0.4976665214,,,,,,,,
811,Turbo cornutus,NA,NA,NA,NA,NA,0.7092563648,1.19,0.79,1.79,95% CL,SLB,https://www.sealifebase.ca/summary/Turbo-setosus.html,Turbo setosus,
812,Ruditapes decussatus,NA,NA,NA,NA,NA,0.1902414832,1.19,0.79,1.79,95% CL,SLB,https://www.sealifebase.ca/summary/Ruditapes-philippinarum.html,Ruditapes philippinarum,
813,Haliotis rubra,NA,NA,NA,NA,NA,0.578658105,0.57,0.37,0.85,95% CL,SLB,https://www.sealifebase.ca/summary/Haliotis-rubra.html,,
814,Trochus niloticus,NA,NA,NA,NA,NA,0.7092563648,,,,,,,,
815,Paphies australis,NA,NA,NA,NA,NA,0.6662122095,,,,,,,,
816,Choromytilus chorus,NA,NA,NA,NA,NA,0.8734274043,,,,,,,,
817,Mytilus coruscus,NA,NA,NA,NA,NA,0.2322220946,0.49,0.3133333333,0.7666666667,average of 95% CL,SLB,,,
818,Siliqua patula,NA,NA,NA,NA,NA,0.5110208978,,,,,,,,
1077,Heterocarpus reedi,NA,NA,NA,NA,NA,0.7470359605,,,,,,,,
,Trachysalambria curvirostris,NA,NA,NA,NA,NA,0.05748773,1.19,0.79,1.79,95% CL,SLB,https://www.sealifebase.ca/summary/Trachysalambria-curvirostris.html,,
,Mizuhopecten yessoensis,NA,NA,NA,NA,NA,0.991564158,,,,,,,,
,Litopenaeus setiferus,NA,NA,NA,NA,NA,0.067460154,0.56,0.37,0.85,95% CL,SLB,https://www.sealifebase.ca/summary/Litopenaeus-setiferus.html,,
,Doryteuthis opalescens,NA,NA,NA,NA,NA,0.162371546,0.93,0.61,1.39,95% CL,SLB,https://www.sealifebase.ca/summary/Doryteuthis-opalescens.html,,
,Doryteuthis gahi,NA,NA,NA,NA,NA,0.162371546,0.48,0.32,0.72,95% CL,SLB,https://www.sealifebase.ca/summary/Doryteuthis-gahi.html,,
,Larimichthys crocea,-0.673741704,0.574686046,0.601331042,0.141506521,0.235322162,0.593632011,,,,,,,,
,Liza haematocheila,-1.244420405,0.189459719,0.29332534,0.003144494,0.010720158,0.293253666,,,,,,,,Planiliza haematocheila
,Tegillarca granosa,NA,NA,NA,NA,NA,0.05748773,0.85,0.56,1.28,95% CL,SLB,https://www.sealifebase.ca/summary/Tegillarca-granosa.html,,
,Fenneropenaeus chinensis,NA,NA,NA,NA,NA,0.375391369,0.88,0.58,1.32,95% CL,SLB,https://www.sealifebase.ca/summary/Penaeus-chinensis.html,,Penaeus chinensis
,Fenneropenaeus merguiensis,NA,NA,NA,NA,NA,0.375391369,1.18,0.78,1.77,95% CL,SLB,https://www.sealifebase.ca/summary/Fenneropenaeus-merguiensis.html,,
,Sebastes norvegicus,-2.862278819,0.11060441,0.057488971,4.07E-05,0.000707601,0.05748773,,,,,,,,
,Metacarcinus magister,NA,NA,NA,NA,NA,0.293253666,0.57,0.37,0.85,95% CL,SLB,https://www.sealifebase.ca/summary/Metacarcinus-magister.html,,
,Doryteuthis pealeii,NA,NA,NA,NA,NA,0.162371546,0.705,0.465,1.055,average of 95% CL,SLB,,,
,Mactromeris polynyma,NA,NA,NA,NA,NA,0.293253666,,,,,,,,
,Pleuronectes quadrituberculatus,-2.126337221,0.133094519,0.120334472,0.000258793,0.002150615,0.120321558,,,,,,,,
,Pseudopleuronectes herzensteini,-0.740725835,0.162805412,0.483128298,0.006269472,0.012976826,0.48306041,,,,,,,,
,Apostichopus japonicus,NA,NA,NA,NA,NA,0.107502861,,,,,,,,
,Farfantepenaeus notialis,NA,NA,NA,NA,NA,0.375391369,0.46,0.3,0.69,95% CL,SLB,https://www.sealifebase.ca/summary/Farfantepenaeus-notialis.html,,
,Farfantepenaeus aztecus,NA,NA,NA,NA,NA,0.375391369,0.52,0.34,0.78,95% CL,SLB,https://www.sealifebase.ca/summary/Farfantepenaeus-aztecus.html,,
,Tawera elliptica,NA,NA,NA,NA,NA,0.05748773,,,,,,,,
,Scophthalmus maximus,-0.812001281,0.055590582,0.444655202,0.000611956,0.001376249,0.444654803,,,,,,,,
,Marsupenaeus japonicus,NA,NA,NA,NA,NA,0.293253666,,,,,,,,
,Kajikia audax,-1.061911308,0.096508934,0.347408374,0.001129379,0.003250868,0.347400748,,,,,,,,
,Nemadactylus bergi,-1.918858913,0.714501916,0.189455252,0.023910162,0.126204799,0.184049426,,,,,,,,
,Venerupis corrugata,NA,NA,NA,NA,NA,0.194921284,,,,,,,,
,Leucoraja naevus,-2.734427009,0.277494853,0.067479913,0.000364491,0.00540148,0.067460154,,,,,,,,
,Farfantepenaeus duorarum,NA,NA,NA,NA,NA,0.375391369,0.51,0.34,0.76,95% CL,SLB,https://www.sealifebase.ca/summary/Farfantepenaeus-duorarum.html,,
,Istiompax indica,-1.05998328,0.291944196,0.361545431,0.011629597,0.03216635,0.361116057,,,,,,,,
,Melicertus kerathurus,NA,NA,NA,NA,NA,0.293253666,0.57,0.37,0.85,95% CL,SLB,https://www.sealifebase.ca/summary/Melicertus-kerathurus.html,,
,Farfantepenaeus californiensis,NA,NA,NA,NA,NA,0.375391369,0.92,0.61,1.38,95% CL,SLB,https://www.sealifebase.ca/summary/Farfantepenaeus-californiensis.html,,
,Farfantepenaeus brevirostris,NA,NA,NA,NA,NA,0.375391369,0.55,0.36,0.82,95% CL,SLB,https://www.sealifebase.ca/summary/Farfantepenaeus-brevirostris.html,,
,Lithodes aequispinus,NA,NA,NA,NA,NA,0.067460154,0.57,0.38,0.85,95% CL,SLB,https://www.sealifebase.ca/summary/Lithodes-antarcticus.html,Lithodes antarcticus,
,Eleginus nawaga,-1.156137701,0.613524286,0.379867916,0.06595177,0.173617638,0.375391369,,,,,,,,
,Saxidomus gigantea,NA,NA,NA,NA,NA,0.48306041,,,,,,,,
,Melicertus latisulcatus,NA,NA,NA,NA,NA,0.293253666,1.12,0.74,1.69,95% CL,SLB,https://www.sealifebase.ca/summary/Melicertus-latisulcatus.html,,
,Parophrys vetulus,-1.180926239,0.209306625,0.313793044,0.004409612,0.014052612,0.313636967,,,,,,,,
,Amblyraja radiata,-2.24451745,0.169711874,0.107515916,0.000337784,0.003141713,0.107502861,,,,,,,,
,Chelidonichthys cuculus,-1.471421756,0.109634636,0.230982835,0.00064516,0.002793109,0.230982454,,,,,,,,
,Moolgarda seheli,-0.434296779,0.152407487,0.655286485,0.010090872,0.015399176,0.655228556,,,,,,,,Crenimugil seheli
,Kajikia albida,-0.986023764,0.273483479,0.387272323,0.011647628,0.030076065,0.386983801,,,,,,,,
,Litopenaeus occidentalis,NA,NA,NA,NA,NA,0.067460154,0.89,0.59,1.33,95% CL,SLB,https://www.sealifebase.ca/summary/Litopenaeus-occidentalis.html,,
,Zenopsis nebulosa,-1.659085653,0.293336847,0.198679481,0.003546974,0.017852744,0.198454309,,,,,,,,
,Netuma thalassinus,NA,NA,NA,NA,NA,0.184049426,0.31,0.17,0.58,95% CL,FB,https://www.fishbase.se/summary/Netuma-thalassina.html,,
,Litopenaeus vannamei,NA,NA,NA,NA,NA,0.067460154,0.7,0.46,1.06,95% CL,SLB,https://www.sealifebase.ca/summary/Litopenaeus-vannamei.html,,
,Meuschenia scaber,-0.226183936,0.717775099,1.031915321,0.717681858,0.695485224,0.991564158,,,,,,,,
,Dipturus batis,-2.760251741,0.310912501,0.066409282,0.000447604,0.006740081,0.066302949,,,,,,,,
,Alosa immaculata,-0.020135268,0.13497652,0.989034626,0.017984633,0.018184028,0.988910656,,,,,,,,
,Conger orbignianus,-1.530800225,0.662867061,0.269522379,0.040081457,0.14871291,0.26624001,,,,,,,,
,Acanthopagrus schlegelii,-0.926279889,0.480971973,0.44458551,0.051446005,0.115716784,0.443008279,,,,,,,,
,Pegusa lascaris,-1.670221451,0.176763248,0.191168732,0.001159899,0.006067409,0.191118928,,,,,,,,
,Leucoraja circularis,-2.441897174,0.661402127,0.108265278,0.006432186,0.059411346,0.106595995,,,,,,,,
,Balistes capriscus,-0.197978958,0.100834108,0.824568385,0.006948291,0.008426579,0.824544051,,,,,,,,
,Aristaeopsis edwardsiana,NA,NA,NA,NA,NA,0.107502861,,,,,,,,
,Hyporthodus flavolimbatus,-1.75707953,0.171175128,0.175094567,0.000911601,0.005206335,0.175084299,,,,,,,,
,Dipturus oxyrinchus,-1.852372753,0.264347868,0.162442229,0.001909906,0.01175745,0.162371546,,,,,,,,
,Sagmariasus verreauxi,NA,NA,NA,NA,NA,0.48306041,,,,,,,,
,Lunarca ovalis,NA,NA,NA,NA,NA,0.293253666,,,,,,,,
,Leucoraja fullonica,-2.441897174,0.661402127,0.108265278,0.006432186,0.059411346,0.106595995,,,,,,,,
,Hyporthodus niveatus,-1.806624405,0.125915884,0.165514413,0.000437804,0.002645113,0.165506229,,,,,,,,
,Pentaceros richardsoni,-0.965736625,0.250841776,0.392870269,0.010023813,0.025514308,0.392506399,,,,,,,,
,Trigloporus lastoviza,-1.645810962,0.146706224,0.194942701,0.000826786,0.004241173,0.194921284,,,,,,,,Chelidonichthys lastoviza
,Leukoma staminea,NA,NA,NA,NA,NA,0.067460154,,,,,,,,
,Herklotsichthys quadrimaculatus,0.550397555,0.086599883,1.740456307,0.022802916,0.013101688,1.740410205,,,,,,,,
,Lepidonotothen squamifrons,-1.462624944,0.127116359,0.233506431,0.000888207,0.003803779,0.233489951,,,,,,,,
,Hyporthodus nigritus,-1.991735856,0.191800952,0.138991562,0.000723921,0.005208381,0.138956498,,,,,,,,
,Hyporthodus mystacinus,-1.801592698,0.558854558,0.192928912,0.013645045,0.070725765,0.190941297,,,,,,,,